address,owner_wallet,script_type
sy1qdnu9hm83g8e6zpjnzkzqak0lfpkcjfql8g2y0v,wallet_001,p2wpkh
sy1qgkt8tfzgspy3e9qx4zcetv0gy2zg8xh6nw86xu,wallet_001,p2wpkh
sy1qha7f6stsmrwjrkr0ndqzlw79jxllrzcyx29ua0,wallet_001,p2wpkh
s177y00m3pqlu0cuf03fp3t5kyp2rty3zd,wallet_002,p2pkh
s1p60r4sfna7wshsakd8wnwtqjrcc774zq,wallet_002,p2pkh
s1rkwz3xz9j6slm7ry3c4t27xkztl9mtcp,wallet_002,p2pkh
s1w2h2cp73j79l7r7rl533z6xj770ewjcw,wallet_003,p2pkh
sy1qekj4zk54p5qm7evxw8lwc6xjlga0lc7hpnucvk,wallet_003,p2wpkh
sy1ql5ucc80z2jjpqc26qprrrwfegtc3d5rudjn3fl,wallet_003,p2wpkh
sy1qwr2qyx7f56uyazwfrsr9v9cszvz8vw2573s9m8,wallet_003,p2wpkh
sy1ppm3k0sdy566927rsmcwfssvg37ccq2a7rk3nvw8e53ldhpmpn4pjgk9za7,wallet_004,p2tr
sy1pwdksshye5fescqdj835u8kyejnszvjv6hya5gtmarcr2lfqpqm06fj0qgk,wallet_004,p2tr
sy1pavqvwydvkxr2c29gj7ychm04nn8989zl2rlhwxy9cnu2jaqdr05cz47vf5,wallet_005,p2tr
sy1qpelchzwpplvuuvehyja5qe2qxaph6r4zsenc55,wallet_005,p2wpkh
sy1qwfckr48e23mwmets9nnzryt256x4f3n8judgj7,wallet_005,p2wpkh
s16fef62fhkgskth6n7v5a8wjhvnscv92d,wallet_006,p2pkh
s1efmewc7cy3sgnq3ullweagmlyfnzyqxs,wallet_006,p2pkh
s1ssch4g8cp6sr2q6xf6809alghagyp5uv,wallet_006,p2pkh
sy1p3fmlpxa4fpkeaa3ygqgj5cmktd77jrjlsa7ym5lmxplv7w5898f9wzey83,wallet_007,p2tr
sy1qc6slutaxlsd3zl9ayncjyktqxlyp4at4dn33r4,wallet_007,p2wpkh
sy1qwkrhgpx6k0t8ucj2perjl8ry35fsg346kugph3,wallet_007,p2wpkh
sy1q3zrt7e2kfrr438ls6quspufglusr75q0nl5q90rjkvgpv2txrst8js07nn,wallet_008,p2wsh
sy1qerjq5wrs5vd97hkg86nut70judfe9e2l45urq8h2vx3qf35nt4zadexmrz,wallet_008,p2wsh
sy1p64j4dfuhkufq4fp7tpwy8xjpj2qxzj66h4pr6mjy2vl8aky3lpux65ce6y,wallet_009,p2tr
sy1p7qgxzw2he0l0qkdzttwtdnmt93dmfr0ukcehm8h06yyf35zh0chcedjyws,wallet_009,p2tr
sy1pqrt0v0r3f4zrl978qt6nevdf6z9fzn5tw87kl7v4cq62kyqjvjqz49t5n2,wallet_009,p2tr
sy1pxk5gkvmlygrxyjzpavzgttfs8k978ug62p2f95v4t2ljt7xjz002fw7v0x,wallet_009,p2tr
s34gazu4df9y8n8fvltp7xd86dz74vrvnp,wallet_010,p2sh
s34ynhg0rrkh066hjtpdxphz9y9d5m2nv9,wallet_010,p2sh
s3arcv7pzrtj488thdy4ml3kctewfxe6cr,wallet_010,p2sh
sy1pkh6sf7ffcsntj3n40cqcdxhkmrecegzcv6akg2a9uf8cc4ufd34an6z4ds,wallet_011,p2tr
sy1q25e786ta257ue9ct7yvt3pxppym5znjcxtwwn7,wallet_011,p2wpkh
sy1qdagqttteye6dmll2fx578lwzv4vfhue9enfvdw,wallet_011,p2wpkh
s18pm6dqyk04ax0etse37995t2hd9c68px,wallet_012,p2pkh
sy1qe0k7qmtrcddenwnv2mrm0h9h9c4k4phpa7jvjc,wallet_012,p2wpkh
s1lzqqaengp7lqyn4j67uwcc6xddrh7hsv,wallet_013,p2pkh
s1u9km8zw4qk0gqvx7wdz6fzsjmeh4rvr9,wallet_013,p2pkh
s14slcd0660v5psv2qezscr6la2tnkhrj8,wallet_014,p2pkh
s1876yrkpuneucfjhje5pz80pvs30kfc67,wallet_014,p2pkh
s1a8wu7eq5q6f2glezn5hw0nmagukfwv2p,wallet_014,p2pkh
s1j3r50z5rmtkjl9racyudhxqdldrlnq3v,wallet_014,p2pkh
s3f0prk6whzp3shc0hwwykxmfamx335ffm,wallet_015,p2sh
s3up9rhu3e0nx56uct6ehqz54wmnxcl04m,wallet_015,p2sh
s186et5trzerqvr0zxlps97ptgmc62vdyz,wallet_016,p2pkh
s1uyxg8w9vcjx6ewu9hvnumcn0njd5j8ml,wallet_016,p2pkh
s1vn474dkew6x8wryp8v2adnf7kyzw60qy,wallet_016,p2pkh
sy1q0t37jy5hcjw8nlvxznwgeaddyfmnsc6v2m9vtf,wallet_016,p2wpkh
sy1q5unvgtw3e0e0hnuck37ecktzjzxxj299ewm49x,wallet_017,p2wpkh
sy1q89rs8dctuz3dm3y7k0lr5jvmek0pe9jzuy68uz,wallet_017,p2wpkh
sy1qthv2rd074t559qlnmmlx4vcgcdpzdzadtmf66d,wallet_017,p2wpkh
sy1p876xr5sppx0tetfd95epslk4jt56pp7lm7x3y60gwt7v92zpks06f68mjm,wallet_018,p2tr
sy1pmnhr0utmc7v9x0egensympqlnd9gzsx7c0xzt3lxy403p68prfyher3qdu,wallet_018,p2tr
sy1qj7y4yhvht6dv0dms6k8vrt7smv2lf4lp5kxsll5z9stwzep7wrwtwjcww8,wallet_018,p2wsh
sy1pc0jffrlvsafpmmmc9jtyndp8xst7aa4k7r9k94cgnrp4d3rx2drccttffc,wallet_019,p2tr
s36le96nstrfdqarmldc0y833x8rjfz27v,wallet_020,p2sh
s37zzaqs54zx6twp6vj0t4cwmtmlghnl79,wallet_020,p2sh
s3as72j3kjl63pvp535wda7n38k29zmm4s,wallet_020,p2sh
s3yj7skeydrpx76ry5kww6a8qm7uz99kul,wallet_020,p2sh
s34yv5ht6gl8njvc9q049d5fgg43x8meq3,wallet_021,p2sh
s38slh0amjcmue59408t6tzsc9s03unrek,wallet_021,p2sh
s3etf4u8wjukxn4p0skafkhc969xt87qzx,wallet_021,p2sh
s3r2a2n9vfyqma8at0aw3rhptkw4mv75jh,wallet_021,p2sh
sy1q3me7kf0q7y29e3frcw24scmfppvuy5hcwjjgsl,wallet_022,p2wpkh
sy1qlfyu4dfllgsxqtwanfc9rhtzml0r9685x9ukv0,wallet_022,p2wpkh
sy1qsczgypsak48ls29a5d290rz4848wmjhjzyvfhp,wallet_022,p2wpkh
sy1qfk56z5f3m9ds4rutmac5awjz2czs2uz4gy6um6,wallet_023,p2wpkh
sy1qlvak5a4zrluadxcmt0xtqccuj4w3tpj7kfw47d,wallet_023,p2wpkh
sy1quavvedfj5u05s02lmajemlhhyyt3v9l2p6k02l,wallet_023,p2wpkh
s16curydvjjp2mmpzuk22smut0z83cprdk,wallet_024,p2pkh
s1n0zg0lqzenkatpu7fv9s4d2xqfcp2uy2,wallet_024,p2pkh
s1tmklta50hstt3nzs3tsztxpzsamum44t,wallet_024,p2pkh
sy1pxsz57rd8s2c0qfanwdnc0qqxczuvgjjuqfj2matfxd6jaa7fnsdzem77lq,wallet_024,p2tr
s3hccellx0r9pg96f424ac2vy46pvf7q2x,wallet_025,p2sh
s3kneqz9456pplneg026sytut8g3v58xdh,wallet_025,p2sh
s3z43jyd6ardvn5lcxmaw39z4qygxrecly,wallet_025,p2sh
sy1q0yveras449tszp4vgfaej7zmn2zkanspj34yml,wallet_025,p2wpkh
s1dym24ne6csxzfa559wsjcup4qrg5rlsq,wallet_026,p2pkh
s1f86ru0ms30fklm4l29dcyakyf8rq0qyf,wallet_026,p2pkh
s1vq4z6jj7ruenqycrxzzw0yyxj55wfnrd,wallet_026,p2pkh
sy1qf98wfdkfk5ql3jffag7dul8uzy6rzl3ves70jv,wallet_027,p2wpkh
sy1qq45vmhg2n8fasys8nahscxdjxqtevrse3aqfae,wallet_027,p2wpkh
sy1qxcskwg02d39q6mjs9kwzse03tnkcgq5mcjslyl,wallet_027,p2wpkh
sy1qxnw5vtsdj4ghaj78xxey5zlnvj3cwk4ynt52tm,wallet_027,p2wpkh
sy1q97ae8524m54u9lqyw3d0nlufd6resvl350sje2,wallet_028,p2wpkh
sy1qyp7xrgmqmfjws6740lzgma8ttumnr7s586vcfd,wallet_028,p2wpkh
s1cc0xjd2p0ekwy8x0mjj54xav59fqkn8t,wallet_029,p2pkh
s1g5c8025xygyt6dxj7zffsuqk052gttut,wallet_029,p2pkh
s1m44lntf02pqvjk4hw0dfvrsgvrs9mpld,wallet_029,p2pkh
s1j60rmr7nxl4mfyg5yesgluuajdpwh4pl,wallet_030,p2pkh
sy1pny3agp9z0vlkm76gpgsangpuz6tm3gfwzxj4964neppcsjprafvvddyhaa,wallet_030,p2tr
sy1q54d4kr26suu0vgnwx5nlsstz698fz2nd8w3yhs,wallet_030,p2wpkh
s34h80n5pxdgt4xjhat2c3q59p0eawhzpu,wallet_031,p2sh
s3qcnwn7vv9y5das324tmgxfq5jl5h5hu6,wallet_031,p2sh
sy1qa7q65km3kuwsqqfudrmgdkkz99j8dkqmqdyu2gahl9y0tvaq5vh6ca6v6x,wallet_032,p2wsh
sy1qgkf8ke0x8wd0v0fa9zxfyhpnpxrfddcdtzht86j6446ff86xvml36r5m6r,wallet_032,p2wsh
sy1qj0ttgacp8xsfp8qxp0uqzf94s74sajsd208nda2zqhltcpfendchuaa8qg,wallet_032,p2wsh
sy1pzpdpnlv0mm8at7xr8y452de68jqu0nxz5ygnh2rg7x8vm0fykpfv28qygr,wallet_033,p2tr
sy1qrvt4tz7svg29ysd9rdsgl9cnc74zcyl5qn2rew,wallet_033,p2wpkh
sy1qsvm7j8hwsh4a3u26nhv9unf7mctnrlmzdxnzak,wallet_033,p2wpkh
sy1qupvfquw8py72wtkm49drvgqlp0mgusj30g8rqt,wallet_033,p2wpkh
s16jjly9wda6nlqc7mq7jaegwh67z4e640,wallet_034,p2pkh
s1fpph3vr3gr3v3u45mvdtse43x9hpva3c,wallet_034,p2pkh
s1m8zngxlnx5gmtf9cwj2hpfgrpkctklc7,wallet_034,p2pkh
sy1qfkhysu0lc2lwftt7zghrqvg3xny9uuqpg6wnc8,wallet_034,p2wpkh
s33zar8vezwxya3u6ruzfgw7snv02mcsvs,wallet_035,p2sh
s3f64myqtdcywhfc0h43nxpu96uumzjvmd,wallet_035,p2sh
s3k2ssfydddpxrlnkuzy35gfnqvn4vjrkc,wallet_035,p2sh
s19jys58ed5mv9tg242h75k4mr5fhek6v4,wallet_036,p2pkh
s3222x5a0j0d3qldd080lgh4lmul87rj8f,wallet_036,p2sh
s33757mmzer5gmw34emj7stqqpk2d78lwf,wallet_036,p2sh
sy1q8afys6ytc2fmqh4kdjamfq3w7ml3nvnj0a5mt3,wallet_037,p2wpkh
sy1qcgk9ks63nyvd50406dgjxegagdydp2k7ecd529,wallet_037,p2wpkh
sy1qre9s57jh2v4pejfklhgu2qjfme4yjzdheydhhx,wallet_037,p2wpkh
sy1qsgsszprl9pq7gsyh4nyc9mtcatlu9ffq3ldq29,wallet_037,p2wpkh
s1ma5zwnnqlagh5u46065dzsksswl5f36w,wallet_038,p2pkh
s32ndfy48yd6ypujv7ppyjqfke9f9wm65x,wallet_038,p2sh
s15qe5cjak3tyzx03shspxcr4rhzuq7ea6,wallet_039,p2pkh
s1auj6lp3a2ey23dcuq7ppl2j03z9my8ua,wallet_039,p2pkh
s1k84dn4tps7gpqu5q3n5mjfhns6t9r4rd,wallet_039,p2pkh
sy1qmmlgs72s9jv0hjh386rkrf69rg7z2ww6qdtt2r,wallet_040,p2wpkh
sy1qt5t8pnm0wdec92vca7e4pcacze4crdcsg3q24n,wallet_040,p2wpkh
s1vjkmfhkfg3a79pc553tmwds5r0qnlzf4,wallet_041,p2pkh
s1xpkuhaqvzw4rcsuqw6gtuzj9zrhtwens,wallet_041,p2pkh
sy1q226fvdep8sp0rxsdr6qfjgxwtnm73jynwlrws4,wallet_041,p2wpkh
sy1qzky05qmm8rq5nuluv4du8d5q9lxyqha5eesagn,wallet_041,p2wpkh
s1dpexa7ums6vxl2snn9yvjk024quyhe6r,wallet_042,p2pkh
s1gpe4qupza5a55jdaa0njcpjhwv5lfwv4,wallet_042,p2pkh
s1puudwlyutwe97ysaau0ywyrequllsmw2,wallet_042,p2pkh
s1z5yd2k58hmqk3p8msxp996lsrcx4jw85,wallet_042,p2pkh
sy1pzkr64p2wv384j3s5ycdjt2xzlaaeqs7lg7a4mc2ku72e0ac6my4x6pmzat,wallet_043,p2tr
sy1qhjx0qdqddgj7a5ltgt0g33uej8v3sx03e3grhh,wallet_043,p2wpkh
sy1qkzp9nwjdtlghmpzxhx7fpr80lkqnzx9rg2w223,wallet_043,p2wpkh
sy1qmz7w578hck9u2vhgmltscy85gkhrh2jeuw4suz,wallet_043,p2wpkh
s1hmensy2kgzf8n6zldct2h83usvw6nts7,wallet_044,p2pkh
s1vag47u2xulzjs5cr4ydgjqg2mxammdya,wallet_044,p2pkh
s1w85zt7ge7vxfxkg08cy020hhatu9tt3m,wallet_044,p2pkh
s1xa8fy3mgflwrcyat8j2c0jks3cnutrw6,wallet_044,p2pkh
sy1plfjpw4wqfx9kggr28zrm5f66q3mwmxs030yn5xulp8q7vpl8ky7aumzvv6,wallet_045,p2tr
sy1pqm00pynenkglwlnajtkwzff50hhd6urykla8kumgpg45x3zxl7kuk2vnfd,wallet_045,p2tr
sy1pu205ruycmvfughupw8ga4hxfawlrtnmz0tck76g2f9grlm9vep56yqmauz,wallet_045,p2tr
sy1pfw8e3hwj5n8ay8svk04adqtkzj5qvy0ef0vre25wag30k20lke66u44p0j,wallet_046,p2tr
sy1pwxn6l32a3yuawtdlzw7u79h8hzqzs0j72t8qwuccdvtvaq9d3zqv7x8mq5,wallet_046,p2tr
sy1q42lrq68k5mcm0fev2qndqycs6t0uywwqgn65xq,wallet_046,p2wpkh
sy1q646a2n2tvwclc5q7n5g4p7pj7vdm8x5f0fhf49,wallet_047,p2wpkh
sy1q94e8adat3d08gk7q40wzd7zq3yld7wz32pq5ce,wallet_047,p2wpkh
sy1qrxhgw9nprpzayr5tn8vwvjdq6f6qac9sh2de7s,wallet_047,p2wpkh
s12l8g4s8dgz3gryqsy2jk8strzmayv5q0,wallet_048,p2pkh
s1nyfz0nenqwtjmh3fqtsg848jwleva78s,wallet_048,p2pkh
sy1q8cfqca3qv60av727pcksgg59tlvya9c8vpsvwt,wallet_048,p2wpkh
s1eyssrefmf4wmqlvyyc5fmtvx8jku6qq3,wallet_049,p2pkh
s1fs6szavm7c08wlgcf5cc9lnlrztagymj,wallet_049,p2pkh
s1jrzldcxq44n5lgg85lh3sevsvu6wcnay,wallet_049,p2pkh
sy1p2m4sndry5a2c9k4qx8zk7wq9tt99lkm8asdduaacq5jgytug7t4vss4eta,wallet_050,p2tr
sy1peu2m23dywjpaxglmnyvjsypea8r0kw2yrvlugtt953wrh69t8erhu34qpw,wallet_050,p2tr
s38dauqlptjncz07n3y8my6hakdxt23wx6,wallet_051,p2sh
s3uffgzu8ka05zj2zx98088lch3gn2xn8x,wallet_051,p2sh
s3zy7vf3g8jk6knkh4zqmaaay0nhkk2mqf,wallet_051,p2sh
sy1qp9ms98zh9pu9cs6mput2wwgnhuf3jtd97pm72v,wallet_051,p2wpkh
sy1qezp2aq57jd88lkt6w4p35vw7ytp0jl0yjzx4js,wallet_052,p2wpkh
sy1qselkc96n6503nd7548n9ngumefx8qn5j6recu0,wallet_052,p2wpkh
sy1qy98mg3nxf882j45s02tyl93hywdz2ra082v4wu,wallet_052,p2wpkh
s16y6hfd9zwdjwjk5repj967ssn84hu4n0,wallet_053,p2pkh
s1jydpu09hmx2avkzs0n3zsc5u3nu8ku0j,wallet_053,p2pkh
s1tm5a64jawqltfed7gcr7whr2r0f3967z,wallet_053,p2pkh
sy1q4u0flda7lnvwr5ems3rdnvqhas0jeamxgs3506,wallet_054,p2wpkh
sy1qrl365v0jpquk2n0wsrygarus23qayqjek8fv29,wallet_054,p2wpkh
sy1qt5r8qrgxpeel7lrp5yvmsc8rxpnw0cjxrp5yms,wallet_054,p2wpkh
sy1p2mnqge4kseh898axgkmkppq2e7yvq97zw7s2nr6j9ad2qs2ry0vzhs3cjf,wallet_055,p2tr
sy1pz0urg54kfhpl2ux20ymghnqdd0krjn5svmc8zwjdpmgjd8q0gxrsemcdfa,wallet_055,p2tr
sy1qjwkfqkzxylrxf0auyur03rnqzd39nwn5e3yly4,wallet_055,p2wpkh
sy1qtf20mz7zgs4wre3h8vx7aqzhn7mjfa22yw7qju,wallet_055,p2wpkh
sy1q36mtxyyp366mcx4vtp4ps2tptgeymc7627ksf5fx9fxfqyh8r6p6xdfm6a,wallet_056,p2wsh
sy1qa4u303x5kudqz55vpq43veuefy0n0ez9jsx9apqt6ywnqxnm7s7lwpwsu8,wallet_056,p2wsh
sy1qwzgm2zyutp7zd09kkmt8a6kvw5l9ggq4d9fhumsfmvlxnejp7rn05dgkht,wallet_056,p2wsh
s125q2cx44a05xdkznw7rv87j4ef2sjaf2,wallet_057,p2pkh
s1fef3ckxz0ya48uff9nrr4h2xh4w46jhq,wallet_057,p2pkh
sy1q9l3j0wfg0pjndeq6pnszg55evgmq7hxqny64p6,wallet_058,p2wpkh
sy1qdr9j8kkyzquxwzwksddw9tyzfjs59jehxku8lv,wallet_058,p2wpkh
sy1qmj044dxhcvz0qeu6a2p5jrlt8w5jfeuzmwsugh,wallet_058,p2wpkh
sy1qpmutpgg76wmhgwtdt9kxdud369zqv0x22mw2gc,wallet_058,p2wpkh
s1c39vu9xuddyvyq7y3yfzy0s5wlvqldcy,wallet_059,p2pkh
s1cxl6wktf5kxy9077qcvfj24wc2ff52td,wallet_059,p2pkh
s1nwdnqxu6h8acpdjl89mj7pu82q9jku8j,wallet_059,p2pkh
sy1quq9gte9upf4nxuqfhlara0j9lz4xz3rqcmuusg,wallet_060,p2wpkh
s30ftl2vvpcx0j2zv8dfr2k28rdzr2u7ql,wallet_061,p2sh
s33wzlzcg9f6rkvzp0jrnh3ekmzcvxtndr,wallet_061,p2sh
s3gqqgrklzc83zu8xfwut8mtkda2rmzv5v,wallet_061,p2sh
s3zh5avnfj2t2mf4zmpc9hdz997pn9n7u8,wallet_061,p2sh
sy1qg6yq8nv80hqvlc0n5vxgyu2x9fu03yzkergft9x500qnhxjur3hejsth3e,wallet_062,p2wsh
sy1qu5wqvd9jqs0ljdvdgpn9tr8vnfhpdezu47gzzg0cuwwy56jxn7exq6sttl,wallet_062,p2wsh
sy1qz5pe8pxrz9cwfxgm22jg804y5uc23kfgukyhzph49gp0yd6cnfq7x59z2y,wallet_062,p2wsh
sy1q0cs24h422vf6qhyfahyaclac7n86jq94w3z04g,wallet_063,p2wpkh
sy1q8ys03tgcal3dkp6umr83c4dpuv6se6mxqhqpsa,wallet_063,p2wpkh
sy1qlcfqsgdxg60uf282ld5zxs57echj4gy4mgu9y0u5jfh54ufmk5qrmelz5q,wallet_063,p2wsh
sy1qqgfzn3nmfsekqlhlam0z8plz7ed8ckhvurrt2e,wallet_063,p2wpkh
sy1ps0sucl4nzsmanspmpmrfp0xywsley6am79k9lwr73zdd2fw8k02slcx6ku,wallet_064,p2tr
sy1pss4hkt28g6jmasadtk7zv8jmqwsgusegrfvwssl5nrwlf9e0x64lg976cu,wallet_064,p2tr
sy1qta7wsgndk5r0w80cy8jphn4s8fzjtssea64734,wallet_064,p2wpkh
sy1qdtt9dfvwu7q72zv4zy266ah60jyf7krvlgez29,wallet_065,p2wpkh
sy1qu5h8t2s2fspau3ex56nvh95nt8j3ap76rpfyw4,wallet_065,p2wpkh
s34gah26jpa6lp4seqsdggyagzxufh2nqk,wallet_066,p2sh
s36v3fgffmae7dwzrh3agm4vvckp2naek3,wallet_066,p2sh
s3ks55p4anvneple2etdwc7extn6aj7837,wallet_066,p2sh
s3pzpxgzyqefjpx2r5lhp79yc6g6txjca5,wallet_066,p2sh
s1ypye5a7vpzdwx3u2qgkghuhmn4kjp7k5,wallet_067,p2pkh
sy1qducym7c3uv5peeguk782q5aswes8q5dx6w8cuy,wallet_068,p2wpkh
sy1qdyx95d0r99c6kuaevu2cnwphjuzh7clcs68r3a,wallet_068,p2wpkh
sy1qr5mvr6x8zlwesg0zfzh0anr7gqxjuswd727t4d,wallet_068,p2wpkh
sy1qu0ym9a8zl0v2tf76hh5tzh76qrqua9wcvynyhx,wallet_068,p2wpkh
sy1qagj5578nxzdeas0g0heu5njf0y35yru5mlrxcp,wallet_069,p2wpkh
sy1qmt755tlmem3v7gp06y9c9cu77yj6pxlsm0065f,wallet_069,p2wpkh
s379rrznns5ja9x0q5hcf9c75d2q4rx2s6,wallet_070,p2sh
s3fxsff88aj9wmlmq05gd8pe6ld4tccpxz,wallet_070,p2sh
s3pf3zfeh6sgeevdygp09qc7425jffsalw,wallet_070,p2sh
sy1q8utjj5yfdchze3p36dt6vs0fdt20wk7ssy4xsz,wallet_071,p2wpkh
sy1qhtxxwtc67jh8ngf4ycduhwza0ekttgfanjnzqn,wallet_071,p2wpkh
sy1qve7330pu28kpmnfgaze769a7nrjs29kez6kqjv,wallet_071,p2wpkh
sy1qy6ryn5a9ft233dwca8jueqkltdzfqeqhyxsl2l,wallet_071,p2wpkh
s3as6xdrlelzygh2arf6xxhluxn5xgjz78,wallet_072,p2sh
s3wd7j4c3exlwcjsvkdg5e7m63mmaqdjy8,wallet_072,p2sh
s3ws0w2wcclafmhczktye45380jll59yex,wallet_072,p2sh
sy1q065quhgeqknt8alshqfzfem97sxgm2v76y64jp5j9tjsnq35hh2dczxhh6,wallet_072,p2wsh
sy1p5unu4scf2nyspxwjm482vkgawdccaw9f0yydkwvq8jccgavd37q49vtwdy,wallet_073,p2tr
sy1pemyjnm2s2pxp3gn70433cv5udz90j953wwfs2glt4mx7n9yrcq9e3xdykp,wallet_073,p2tr
s342mlfzjtvd750nn8quj3jxajl8xzczy7,wallet_074,p2sh
sy1q368qnj2g28tw08chcd8gkxxudgzkc0mulayvwz,wallet_074,p2wpkh
sy1qkn3wa4580wa4l3duy5kde5s8t6m76c9ulcnvym,wallet_074,p2wpkh
sy1qsmzk6tsv65dqfx78wl3hsgw58pwpelrppgk7us,wallet_074,p2wpkh
sy1q2rcm9dmrjlzyanhmnjz3xce579rwyasr2nl2skyc2hn45glzunvzfty364,wallet_075,p2wsh
sy1q4sn5zn228kxfyedfgkgupshzhtrn3dq94terf9,wallet_075,p2wpkh
sy1qrlxg82vpnqv2qsn69a7r96starvck0hshx6mnn,wallet_075,p2wpkh
sy1p97q83u4yt55ns846d5ryq0ce59zswmpq9jzhh8n88ggea3rw2vyyzka6ry,wallet_076,p2tr
sy1plwyuuh7fy3v3xr4r82cnaaw4px68rp2xfwda22qtu27ca47gspsp4grqjp,wallet_076,p2tr
sy1qqymvcxw40df5v37hl3p0a8mljh544z8f8fm8zrejwt3cfw582l6842lrmw,wallet_076,p2wsh
sy1pgeezpcsadrhq6sf8rhpzgklh392k5uzqt6eauju8z0ueyktt8l4qapdz2g,wallet_077,p2tr
sy1pwu3hexxgyfge323e55vempf7nmvkel4k62p029hsl0g6s32vwcvrf6h8cp,wallet_077,p2tr
sy1qgnadkn0pxkrshpkn9spc7xq5fmau5uqy87772h,wallet_078,p2wpkh
sy1qkxqajd779wnqf3y62qfgpd9t8dp5pxxf73q8dr,wallet_078,p2wpkh
sy1qwwn6csrlyufw8dh6syldtkxswngyna0x9ywxyp,wallet_078,p2wpkh
sy1qtv8ffnxd4szmhcmcefnsm0ajmtwqjltr32nqje,wallet_079,p2wpkh
sy1qk2zcfdgfh9pnzr94486p5vp6duw3xul0y0tneq,wallet_080,p2wpkh
sy1qq290ufne5cq693fahm9n00v7ah76jzynej033x,wallet_080,p2wpkh
sy1qwj6swkvjh6e2qzdklqjhjeghvhv78m9df9htef,wallet_080,p2wpkh
s1r8z5rd57gs6g7f42g2dh75zkefuzy89k,wallet_081,p2pkh
sy1q5jduvw68aqmlzuk6arw9cgpk405ke9pa07zrd4,wallet_081,p2wpkh
sy1qppuzgxncp57mrgdtq27sdcjml78resd8lkwgzn,wallet_081,p2wpkh
sy1qakvwtn73j92qvkwvphup3luz96z5x34f6ghlvd,wallet_082,p2wpkh
sy1qqq2kc0jmgcxnpgskejq8v03hhst7px3j4q9alu,wallet_082,p2wpkh
sy1qvckx4j6f8gn2mw3dyz96kwl83eyyez3c84n3dp,wallet_082,p2wpkh
sy1qvx7pvfr7uu8f0aw68f0nu03xnnn4wcxetu2g3y,wallet_082,p2wpkh
sy1q8qx85yx0vapjkjdy5kgqcaajdjfumejvduwpg2,wallet_083,p2wpkh
sy1q8wj9420v5guu2cfhma909q6fda8m3ne5wq4sk6,wallet_083,p2wpkh
sy1qqnqkxuuzfv2eez4lmmtfsqfhuzn47etrmgf6km,wallet_083,p2wpkh
s1f8d6m7vd6mteflax7r56v3dxrnp3pcsr,wallet_084,p2pkh
s1h3ptc4cjywr7y9e39wedk27xjdxs5p7d,wallet_084,p2pkh
s1kn53n8dxkfxdd545mkzu54p6xz2u95mf,wallet_084,p2pkh
s3jh6aatzwfxmghg5ftgarn89aymkxww0q,wallet_085,p2sh
sy1p5xnhlxnysjgvqqxrtkhs4993evtrh3d7s0ahyh59fu0awdlmnrklf30yv3,wallet_085,p2tr
sy1pdg66l53d58srgrm9serecvdl2y7m24m8k2nwdv3075awlz0eaz224f7c8s,wallet_085,p2tr
sy1pxe3fm0dvjp5av07qqv72jasn4f3ff3sw6rcgqrxmsnhnsfcf33e3dhynqs,wallet_085,p2tr
s149f9p53ccsnnm4tnjx5t88pptfed9zv4,wallet_086,p2pkh
s1k6rryhdnl9w4vwn5x4zuuvgp7vjn4t3c,wallet_086,p2pkh
sy1qhfhy42h7af5cj767r28xqe4swrpvrk8kfk5w3u,wallet_087,p2wpkh
sy1qsm8jk2gpq5k45vxp62kmr2r8n5ltkwqeqe0zs6,wallet_087,p2wpkh
sy1q8waxahhtts4rzyl43jndm0sgat06y3l9man68w8ky6kv0cmm6zvqzu4xa5,wallet_088,p2wsh
sy1qhv9y2t52xzf5nvz9xpculx55kvcvj6xcdcddu9nz3euhe9v929cl3la9fq,wallet_088,p2wsh
sy1qm77wgteqrf2cjl4jcczrjm7sysxjs72qs20w4j25p3uv6u3xymx5trwhc3,wallet_088,p2wsh
sy1pepd077f3m6402nrc35d693q7a5hlwckyl7dgxzfvn69ny34um6aexc25d0,wallet_089,p2tr
sy1pkq5su8zax8f0wqsywjqch393qvra9z96n27j3ylajhxz8f6rk07n9wgt2q,wallet_089,p2tr
sy1plw867cpw5g72xp8qhkjktdf5fqeen6utvrv9hmm6sa9zrum7fc6azdjnpw,wallet_089,p2tr
sy1pjnutcwups0x740xvcjec898pyxwv5zac2r4aarh943mqqeddhyk2nl320c,wallet_090,p2tr
sy1qd89ukxlzcmdr6q2lgkkf6tf57wwdzk0fryccrx,wallet_090,p2wpkh
sy1qlvy5nuw83tkuqaq8w4wl9fcvxjmaymy5nwv54t,wallet_090,p2wpkh
s1z3m5v4ncs8q9rpkfykkcjjjglga09wx2,wallet_091,p2pkh
s30arlmhtxymd392v5c4u8wazhshdk0zj0,wallet_091,p2sh
sy1qauqv7d9f9hc3k0ykgesc68e395me06m8w6ptcx,wallet_091,p2wpkh
sy1q4l9xdymdvhwynhv9n6ds5g82rda4f5rsh257x7,wallet_092,p2wpkh
sy1q9yz3k7ajc606e5kfw5g6yc8r4wx553np97a6st,wallet_092,p2wpkh
sy1q85w879yh5473c6xqelw8qzheu4l2yevdv45hsy462dejravtrkc8l6cefr,wallet_093,p2wsh
sy1qj55yme3v3akhkdagtjwrqcwzl683etmlmkquzapun97xej5v6hsskh9xk0,wallet_093,p2wsh
sy1qsa7k7w9qdarpfxn5mr7zyg5dphq8mnenvffyk8lesez76mez057e5cglx4,wallet_093,p2wsh
s34s2hunq9qgx9vl36tkslmmucslxcpk02,wallet_094,p2sh
sy1q9ufy033f7aw7aaxv6msxnycthjg6wl3peutr43,wallet_094,p2wpkh
sy1qn60w6yqf04qv6fpme5le6kllch8gefm05hhfe9,wallet_094,p2wpkh
sy1ql2xr77ngv22uh64r8dc3v5jdqstyktf0dhrd7gh3zpz6nfjx275v9adkr4,wallet_095,p2wsh
sy1qrtc3y426vjap404x6pmpehepsfnduvvsv7ud34,wallet_095,p2wpkh
sy1qrwyp4qej3j2r4p4lhdky4dl0drj58lkep09n2f,wallet_095,p2wpkh
sy1qw8f60ym5tevxye5qke65727kulrfj2rhmq24x5,wallet_095,p2wpkh
s3hwdzaw8uf0v0k2tdy22z4cqf88vkcs00,wallet_096,p2sh
s3ym4hn2zvn8krwa64awywszsedujhy605,wallet_096,p2sh
sy1q7jptxzx7g2x70lfeekm5e6ps0jkpsetks5fp0k,wallet_096,p2wpkh
s1c0c0p249pyr3pak84uuphzp4ewdecvye,wallet_097,p2pkh
s1j0a6e7k2vpm9ukjd58vwj6hp8seha7tg,wallet_097,p2pkh
s1phskst88ls77t3mlcl46cqyzanafspw0,wallet_097,p2pkh
sy1p0u9q6mxn34ljphtnj5c8pq0n76rz6e4gpnm8m7gc8xg5qla932cpwuvqj3,wallet_098,p2tr
sy1pdecrvhfuawv4ftq8q8wmc4xs5lmcufxj3v4rger93pupndzltwc3fssyh0,wallet_098,p2tr
sy1ppvg66mt0avuck2rfq0wpx49xynzsshxp3k5y4jysyuh3ek9q6kthmng69d,wallet_098,p2tr
sy1px9nmw2d0rw5wxfkqx77klxdsz9q4yw8ms5m3220vtrrczg473rzneqfmcm,wallet_098,p2tr
sy1q5m56txplaf5jh90jkf4vk6mceqjyz6rlp25qk2,wallet_099,p2wpkh
sy1qcvc0chaks7aapgtf5y3usc4f48rcdcq646nel8,wallet_099,p2wpkh
sy1qpfc0rqdxllwv3avq8rydmldwr08phxng6y793c,wallet_099,p2wpkh
sy1qunqfrw0q72m5g8zjt6gcujcpxrk02tfu9vurj7,wallet_099,p2wpkh
sy1q5fmvnxvlmym4fqverfquhazw8jsvm7757m7jnn,wallet_100,p2wpkh
sy1q8lk6qu56t2k5nyf8k3q8egtp9v90sewg4vsvyy,wallet_100,p2wpkh
sy1qc03shmn75yfk2jkjs8v9ykfyyueu0xeceyrwsk,wallet_100,p2wpkh
sy1qk263cu4pvf4g9fr7k8rc066umtgecruevrd92f,wallet_101,p2wpkh
sy1qlveqcd6pfrmlemvw4djngtkljevyl62nkpae8d,wallet_101,p2wpkh
sy1qwqzmnyfu5ul87yl59ua8xqe40mysmgjwysynj6,wallet_101,p2wpkh
sy1qm8rmf7794udmvcxrj3tgecr5rnn3mwq324h2hn,wallet_102,p2wpkh
sy1qnkf2yry6dq7wtef749dx973xrvkcsrd3d9pfrr,wallet_102,p2wpkh
sy1p7vuf2s5hhhyh6l58gfw4kd33tx0vlhffmpjxcrykenkwek855lvyl0t6tv,wallet_103,p2tr
sy1pj3c45awt9v5kx3y4h72fjq5vl64wdw5juutm2s2lpc5laukgrpfcujylaq,wallet_103,p2tr
sy1pshac8ukwv7jpddd756rejq9m0q7q2cux9h3as9jqpv44e8p60p5cnytsuc,wallet_103,p2tr
sy1qklp6pxn53me80u47fuwx2kz9se5vm509yc9tf4,wallet_104,p2wpkh
sy1qngad9msp9vsvzus4kyapm7upn99uym4k04pmp8,wallet_104,p2wpkh
s14ndqv6zlr774ql9xw0m93kfh94vcslvk,wallet_105,p2pkh
sy1q0fhnf2q8jfgup7jyz04rq02f3wca345kgk39vs,wallet_105,p2wpkh
sy1qc9y4vahutrgduk9zqdvx0xufv6am6sy8djhtlu,wallet_105,p2wpkh
sy1qexxlnre52h3e6737nnva9f0r9rh3zmud3u3ksn,wallet_106,p2wpkh
sy1qkz5x095rjj6703nvqcmd30s2xxjccxgezjyl3e,wallet_106,p2wpkh
sy1qq23qhqgfvtd7uecdcss2avt38qzafqnhjf9yhx,wallet_106,p2wpkh
sy1q7nkjfzh0lgmzl7gs55jcu8slk5jznw9wfu6720,wallet_107,p2wpkh
sy1qlgugkfsf06pt252cttznzcj293laggj6gnr7n5,wallet_107,p2wpkh
sy1qn5g68cmfz8eeaaqxgxh7xmdlx9g0nq9rx7s67e,wallet_107,p2wpkh
sy1quflydtkenl9tvhllzup9ys6qw8z5hz2hf7ynen,wallet_107,p2wpkh
s1hhncjhdnkuj2kp4dsa9zm0ts8zkckf8u,wallet_108,p2pkh
sy1qaayetmad4juhtgcmuklxdmahn0gjne22pvr0hk,wallet_108,p2wpkh
sy1qmu26j9rzp92k720tzgml339eydffu9aqfsz2k9,wallet_109,p2wpkh
sy1qp5tgl0xtdt0skpdjr5d8l4pcm3mvehlqtn9cfk,wallet_109,p2wpkh
sy1qrt2268jhkjh7x2a6jge2jq0gy9km53vemj3aad,wallet_109,p2wpkh
sy1qc2xjy7maz6pjn48zjhjjjskpjsgrdvmt5tkdq3,wallet_110,p2wpkh
sy1qet7eutd29c2taz5lrmj8txfw7qlfnvtjf7dvxr,wallet_110,p2wpkh
s30etf4m88p2yhtn3wxc9ql8amr8d40jym,wallet_111,p2sh
s34uustn32c28e8zh5v2ddh26a5ngsyvk4,wallet_111,p2sh
sy1q0j4xdzjyxk0khwklx2f4xx3vd9g5krv385j49lp907cs3njlydh4w62jdk,wallet_112,p2wsh
sy1q5hr4x7mws8ugm8d8h6mgs03xramxzg3mp5jgfyw9dtyzt836qk3p4ydvkj,wallet_112,p2wsh
sy1q8u8jknf87q0vqna5ujlrtugmvh8lv3sldxs0znhqhdg9uvnswgdyzjt0fx,wallet_112,p2wsh
sy1qj2zkc9ukf7cnr9t6gtpmkdjxwvl9e4tp7qqadu2l3y3grtpel04e0muy2n,wallet_112,p2wsh
s335ca2a0gpfc6rv058d3jmdmqnle02xg7,wallet_113,p2sh
s3npfcmslwsz4a7hc8s4adw8vtg9vvrlnq,wallet_113,p2sh
s3qzrkkfc97u4nlwgxpzjcme93w0wju3gq,wallet_113,p2sh
s3tkfnae6v465st5pzqa20p93f5kf9znd4,wallet_113,p2sh
sy1p2de4g9k62lf0v50lmwq3wn4h8f5cyqhnfryy77ggktegusct2m902er7cp,wallet_114,p2tr
sy1pry2v2087sma6ptawka0tkym4nlp5r6qju7qkf0klpla5g5h6xuj8q73m9c,wallet_114,p2tr
sy1qrh8kzlm5he63rx5ceeztvt8tkghuurldhv48x0,wallet_114,p2wpkh
s10fmrcfznw8nk9yjx9x4ahzpjsh0gnfpc,wallet_115,p2pkh
s12fse7kkj33jhp0qnphrfg3n3p2lnlcxu,wallet_115,p2pkh
s1neh29hs3pty3mfx68jf8tnlg3e0x0pye,wallet_115,p2pkh
s1u5c9yxy52lx4nyz7nkcxvdre00u7fazk,wallet_116,p2pkh
s1u9lwk7z00gr8qe0vn63cnxvr2q6epfum,wallet_116,p2pkh
s192v547jphmj6n6u6mlvpjdwyyfuc42fw,wallet_117,p2pkh
s1lxzsryvmrgtyt0le3pdxu0r8hrqarqwt,wallet_117,p2pkh
s1p4hdkuqk99wu8retlz9qdee67r6s50vl,wallet_117,p2pkh
sy1pm2cyzv8fxysv3dz99auhm0lkwkxhlx22w4mxc7kjwm5pz5cw7a2fwzj4v4,wallet_117,p2tr
sy1q0sce7gtgcmsstkk4k6xp44e46gcst922vmsxn4,wallet_118,p2wpkh
sy1q40w7x9k7smyyudmc9msdszzst8echrq6ymw7lj,wallet_118,p2wpkh
sy1qgtfcgjf9euhnmrqmhduv9586meuvlmulxkavz7,wallet_118,p2wpkh
s132xpc7tss53ecf72em8c8ca2ghmjvws9,wallet_119,p2pkh
s1sd2gl6sqatkypkchhnxxqju06xtl4q6k,wallet_119,p2pkh
sy1pwrlxd6t87dpkzgrjj2ax5rve5nwvlfct28e7f2yz40r34rtdkwz8py0hte,wallet_119,p2tr
sy1qnvrypey0zn99t7ld9gy5x2kz2ug5wd5v4ux6ll,wallet_119,p2wpkh
sy1q2p3dq5tksjxp6twj0faq8evr8yfkz04lpsyd8u,wallet_120,p2wpkh
sy1q6aaqjph4u2k8aduupa3t2wmw4u7wgfzk6d03rs,wallet_120,p2wpkh
sy1qq6n4apv2nrdunegymvu4fxw7ltcevf6vcnkrll,wallet_120,p2wpkh
sy1qwatnn4fqg8cq0c03fl6kuqjqxnkau53nyvqu3x,wallet_120,p2wpkh
sy1q6ehyxnkqdfxvnaqdg05vl8r65xptwcxpqcph0f,wallet_121,p2wpkh
sy1qc8h3x5v3kulwx07gehd6s4thccq940vah5je60,wallet_121,p2wpkh
sy1qgjm6v7ln7wlh0rz8puatvgem2spvvqscdgp3ak,wallet_121,p2wpkh
sy1q0zrq0ra9873l3ywg2mrf67dgwpz7wv857qkhcesycuvjz9t38jlzga2p4r,wallet_122,p2wsh
sy1qnuanpgm4aare9p9c37uyvpzmh0wuaj8q98y4kn,wallet_122,p2wpkh
sy1q9us5nycqgj6k7ptah7frwgewwhsc6x03n9ddqt,wallet_123,p2wpkh
sy1qcutw86vhv8gcaksmy5w0uvggslrp4deemdpljp,wallet_123,p2wpkh
sy1qkac2e223c8fkyuz7j8a6z7358jmgnu5xl3uc28,wallet_123,p2wpkh
sy1qpfhc3zndc4hj5jwt9clegv6gz3h0uyxcsr2dcm,wallet_123,p2wpkh
sy1q8f057v547y6q8ted4jk7qq306tdyw350753zhu,wallet_124,p2wpkh
sy1qs5ykuf6sjtxh5zy56vu5c8ewu2lyn0pmvzt2xygq2epytt3vtmujrj4xrr,wallet_124,p2wsh
sy1quutm2ca8899xp4342lachlxpthr3kz7mczkezj7ph8clkl77cwkf7myksc,wallet_124,p2wsh
s1h5dlpkh4peh9pms4d225u69hccu9nsyt,wallet_125,p2pkh
sy1p4l8plvtvtz9samza559279mpgt7t8lphrz70ucpzf6uyrtj5dn896mlnc2,wallet_125,p2tr
sy1pamwrn6qqdem2wt30c6ug20p7cky253um45k807h58fhnrd6yuasc6rs023,wallet_125,p2tr
sy1pmesmqqdcelxju2re99lxau6kje3cm2myxy7fg7s4lyszkthuws4f2quzcr,wallet_125,p2tr
s1v4vj7ku5m8xyu50t8wfk8g48pvt9zf6q,wallet_126,p2pkh
sy1p2g9m8p7uevqzk0qnaf2asu0w0s23k02msxfnzfhrsa65xmhhhzea3q3305,wallet_126,p2tr
sy1p54mq2ff3jyq6cjmr47tt3lwqh4ye7zeqny8kcuzqmt93f86pyk709e3kfu,wallet_126,p2tr
sy1pqpp6vxs40tm0u7vvejtw3mq3le9ng2ud8wpk973nxdskmlsvhxu4pjgvaf,wallet_126,p2tr
sy1q79tuza6g48hshukrydvljq0kz4xjty22sepynl,wallet_127,p2wpkh
sy1qj7j2jgesgplvungtxehx5say87wc6lswzsv4yf,wallet_127,p2wpkh
s123nugfymrecl96w3ces3qd5kuelamfq5,wallet_128,p2pkh
s1ax9zjyk5ql4pwpawnvvvqthq7756xwqc,wallet_128,p2pkh
s1hfnwq95kq9guuuedvvjju5zn9qx23tqs,wallet_128,p2pkh
s1s53c08pnmv9m6rel2tshjd07vfdzgy97,wallet_128,p2pkh
sy1q4xpgqv6mc0ucrnsndwztuj5u2zg6vtux5mexds,wallet_129,p2wpkh
sy1qnrylaz63hkxqnlxzpxrfkfx63y5w5p49u2mw6h,wallet_129,p2wpkh
sy1qpngmr7yztfehcyqppwsc9cv5p42x3t6p4f4vq9,wallet_129,p2wpkh
sy1qqctmpnhxshp36muswmxeycm7e36xelgqx8xs7j,wallet_129,p2wpkh
s1e9mfr3pc8amee2a42h6nmfmu4rv47zmt,wallet_130,p2pkh
s1mp7mmxzfqahuaztd56azgg38syygnsrr,wallet_130,p2pkh
sy1qaemz5suslcrrcl7dfw7qp3gcp36j0qz064kvgl,wallet_131,p2wpkh
sy1qyrz3eywy4j04v743du79afhw9045p8qq2s488u,wallet_131,p2wpkh
s33zeaa4vzp9v0rjlu4wcye3mdtfqz9nhs,wallet_132,p2sh
s3c7uuwexp5rsz8f7tajwtc8lgqm89vf6r,wallet_132,p2sh
s3eankuv2czdxtgn8gj2m3puy5mkuklhmf,wallet_132,p2sh
s3wf0km5lu54knnzhaqmm5td0dva43xnrp,wallet_132,p2sh
sy1qev5347lr2ywfzfc0wer6dk20ac0awxry5atzlk,wallet_133,p2wpkh
sy1qm8md5m8v9khw6nrx7lkd8uld37d0cwh2kyl0k7,wallet_133,p2wpkh
sy1qrp4khfqf5k2kgwts2mrzn4rkk2ag45jkt8c269,wallet_133,p2wpkh
sy1qtzua24djfy038hrhn7fgfkjzpuj62zszh94hxm,wallet_133,p2wpkh
s1pklr5cesa0jlq20hzmzt7sju3nal5lyv,wallet_134,p2pkh
sy1qwkd2mch7j9k6hmq9nlm3xdv5l4m8v2c7ayyjr2,wallet_134,p2wpkh
sy1p8xpctm0nnfu6q5vukqpthf6wr5t937dshezgj4sa6j8g4dy9nkpkegdxh9,wallet_135,p2tr
sy1pfdn0uh4pjawgugng3fqtfmdp8q0svmkspmqzpe74rj3xlc9y8v926az5r7,wallet_135,p2tr
sy1pmkunyjestpzrxgtm855xzd0ulwtzvlf0xkm5tu7qglh7usdkx4qdhpxgez,wallet_135,p2tr
sy1pvtpunyy9f0uk7ugt08rkzkt88hrq220v6n3306necsvyhkkv874l4alnzt,wallet_135,p2tr
sy1q7j7ycuw7xdmzahk4fmp0262surw0mwq4082ett,wallet_136,p2wpkh
sy1q9pmpwjhapdngdwq275ckuzmvc8v3jald323r8z,wallet_136,p2wpkh
sy1q9rtsmjkp80xmq4wvr5602gklu8s29my9yqe7xe,wallet_136,p2wpkh
sy1qsx66td9sf49us3zya50qhxerf0cevgxqnqad0w,wallet_136,p2wpkh
s1mjvgm5sq7ee2uu32prttaals4lxwvzzq,wallet_137,p2pkh
s1vwn0w8fhjy0s4ucyr4cegc0yg78c560s,wallet_137,p2pkh
s1ya4lxaxwq9l53hnwzewp8kgwaulfrdqq,wallet_137,p2pkh
s3cq0ure0rwu60wcdfmzza5t56yjagx0rt,wallet_137,p2sh
s32jkv0nval85z99hm9vk3j7qvqw6jsna5,wallet_138,p2sh
s32p9qgzadj4htsfcc08x536sfmtr36s46,wallet_138,p2sh
s336quuzpc73gr9ljj492fq308s6mj3cq8,wallet_138,p2sh
s3n3tyedch4tslrfz2cwqdkrdms7k8jlq0,wallet_138,p2sh
sy1qj4gusu6rv0c2jmngh9fv76er22lj46jswly7ng,wallet_139,p2wpkh
sy1quwgkpefucw6lv5kdgm9zckl8d023vx753yxu4k,wallet_139,p2wpkh
sy1qxzqarpqcu9dw27uut95kgm409wx7q8adg96j2p,wallet_139,p2wpkh
sy1qz9wjmrkm44fxgea77fzmrx2gv5ld2acpf249yq,wallet_139,p2wpkh
sy1q2ffc9hpfj7t2vsgm6ph4u7k4qnh7esnvl495yj,wallet_140,p2wpkh
sy1qamkdqcfnslyhv6sw9zp20waa87tc4ez2zy8xn0,wallet_140,p2wpkh
s3yj7mu42nklyt7mjtsppvh0k8stqdva8y,wallet_141,p2sh
sy1q9yd22f0jhulmnjzuqz9st9vmce05jp2nsz7w98,wallet_142,p2wpkh
sy1qa0d0juxe8fwmulghfxg5nrg20ln5dgwq2ruqpl,wallet_142,p2wpkh
s12ln7ndwevtdvnlv0ryg4s472p2vz722m,wallet_143,p2pkh
s1pcm29drar0j382vmvtzht8c32jlf7cfa,wallet_143,p2pkh
sy1qfue5flmt20a3cc728q8p3ke86lra6y7rx39xn4,wallet_144,p2wpkh
sy1qthv2fyc7rpxtemsp3ukye769aeay7ryawt7999,wallet_144,p2wpkh
sy1q65wjlda4ledstz7t5fdrewhal2jmmcgt75den3,wallet_145,p2wpkh
sy1qlzq7q0hpwe8rrzt6xtukr5x7gazwpfrk4sz66l,wallet_145,p2wpkh
sy1qwv5p9wx89gxx9reymx6rq68shkdl4mrtzsn3js,wallet_145,p2wpkh
s35424mq6p9e7w9e33k7d03wyjwk8htgn2,wallet_146,p2sh
s37dwgxep86gt0nhfuzh73dupzjgas5jw2,wallet_146,p2sh
s3z3vun94muks02j4a00ycyyn2cvt4ysku,wallet_146,p2sh
s3zfwynqcjd85kajhp95y92n2kfu78lcrp,wallet_146,p2sh
sy1qkhxqywtsju89prgzuxk38qkpvlql200k4fhel5,wallet_147,p2wpkh
sy1qzjcjr5n8rtyqcnpmgg66ru6d7qlz48kfuv59ly,wallet_147,p2wpkh
sy1p9u7g2gv8fmtczdsm87yjsx8zh4ptp4ueqxlpncvvyl7u2xa8882w45h6cv,wallet_148,p2tr
sy1q2zdpn5dcn95uqq98gpx8gyynddp37psj6lv2pdf0j9dx0csmat9ycnwxpu,wallet_149,p2wsh
sy1q9dtn59rzhunkgnfds7mpxwf588zvvyvce8y559,wallet_149,p2wpkh
sy1qm3kn9zs2d808u3yhtkfuqemzxjcgtygzuw26ry2r74et3ncz8g587sx063,wallet_149,p2wsh
sy1q5z5t4cnwque0qwxvj3qyh0wr233r8l4xuunxl6,wallet_150,p2wpkh
sy1qmugksmt9a8ny2rln6e4gwzyu2hxdyyfr0nd737,wallet_150,p2wpkh
sy1qu7yv59yzvyzahws8kcz5zwerqfak95psxnpxpk,wallet_150,p2wpkh
s1cdgs6alwucedx4ylmauzj3puaejdhuzj,wallet_151,p2pkh
sy1q7yvclu8jt35hav9krrkk4k74z3pn3vd25fcwwhwqvk036j28ctz2rqs2hd,wallet_151,p2wsh
sy1qan8qyr2amq7ct4njrdmnvfsv32ugj8fte5feexwvwc4fn6p7ya5ae2gmf5,wallet_151,p2wsh
sy1qf0jelsgcc0fvcmxf973lyggrv4a2nhr6vwp53m8wwnwsfjs526w9k7gw5w,wallet_151,p2wsh
sy1qwacnt4fc5h5tlqmhv546vm4h6xurvgzs6l8qhx,wallet_152,p2wpkh
sy1q0xxlfd7ny72904j8gt2mde9qa0ju3ar3ac4pq6epe6ydzfmcvflvxql6f5,wallet_153,p2wsh
sy1qdlxqcuc8gs3jqwvq7wn59hfnjq57mpzu9zhz9wk45r3yp3me373pa96nm3,wallet_153,p2wsh
sy1qsz72fld592wklkaxxd43vn5s6fxknytd3we62tqxqkengl99mp6aa28zju,wallet_153,p2wsh
sy1pcktwn0nxa2hjd487dz3lq5m379qsza2zw0kljegyk5gm340evjdgns2zhq,wallet_154,p2tr
sy1pvrl9swfkq757zs2vqhdg5w9scxkf8ps76xfkayvk5gp25azp9jtpkqmf0j,wallet_154,p2tr
sy1pvwznj43hlyz38as9j7gz6jpv3zvvrh35edt58em5av7j6mjp8g3a9pka4a,wallet_154,p2tr
s12ng2p46rr6hvw9pznwhj895qm73apmvp,wallet_155,p2pkh
s1ansnuj7lzq3y3jauv57d4paqja3kftwa,wallet_155,p2pkh
s1h2gvpmwe853m3phyva0w79cn0xfq3tef,wallet_155,p2pkh
sy1q287z0m5y74k26c0hzuthcwl0ge05nza8dallqj,wallet_155,p2wpkh
sy1p8e3n8umy49n0800c2a35c4lc0vmxu2v4uwl402ng5keua846qq9c7ykgvz,wallet_156,p2tr
sy1pdh9ep4ugs79j64ws3j7h3zm9g6e5ukzek9av2j38pck3m58hwny5ngfu8m,wallet_156,p2tr
sy1pf2rujnjwtteslgsk6ar3cmy08ys5fe9pvxuxn7q5qhywfvlcer35ep8q9p,wallet_156,p2tr
sy1ptddeaeny5a0j0tg9c928hpjp4azzfat8499qle58ameks8dm4kh5ahk80z,wallet_156,p2tr
s349m48t8yj55et8vdtj060g2q7dqjsl59,wallet_157,p2sh
s3ejh96m5nlnmzgp0k8sg5wmzelx9mpcvt,wallet_157,p2sh
sy1qdut3esa7cee2r6a79l8l0849chnu6rcd5g6dsj,wallet_158,p2wpkh
sy1qmeksspan30e806eahev8tcc5gp29hajwlz49hp,wallet_158,p2wpkh
sy1qtz2634j9s8d2p0qyy052acwqtyl3ey8jjzenkr,wallet_158,p2wpkh
sy1p3knechx0y683jc65gfc7uajr5469eqdqj8p8ggy8agy5r75nm7hndvuew7,wallet_159,p2tr
sy1pa2kp5nnyelyxstlxyv6qf6aq4e73p2yta3rf46q4d9lcljnts0e6m2tr74,wallet_159,p2tr
sy1qdke040fnxm8juvfm96kp9glr9vy4acpd2dvxjgv4zevlnrlv3k4wtrkrnp,wallet_160,p2wsh
sy1qyanu8w9p3d9hrlk6k6qxxhjwh50ter3sfukfc8q43evydn7qcpryl2ry56,wallet_160,p2wsh
sy1qdkx4c8p3mv0puz9a0paqg908lhjh43ytzu6uav,wallet_161,p2wpkh
sy1qewsnwqttuv0nuu3wxgmwzgclswnezmh82vd4kr,wallet_161,p2wpkh
sy1qu87e3ep9j8jkrmssnmmxh4k9pge98lkvp5x8yk,wallet_161,p2wpkh
sy1qzk898lf00d239vs24hw74v6uw372yusfnj4ufn,wallet_161,p2wpkh
s35u7d07c3d4dlqvn3tjrr9fvkfv9zxvxy,wallet_162,p2sh
s3ec9zrpacz6rg77eakfsenzmmcjyjtxfn,wallet_162,p2sh
s3j3h6t3twyuxz6jt6yrwrvll252sytwmc,wallet_162,p2sh
s16twv38huqk7xlmv2m0tnzeslcwca8nan,wallet_163,p2pkh
s1jw6dms3r620jyyhxewvzgwfem0gtx3rn,wallet_163,p2pkh
s1ymdaqwfqvf2urwg5kcfsufe0g2kzu9zy,wallet_163,p2pkh
sy1qp4076q7h3382g7npzxkxgnwun4fl9kjm55n2zf,wallet_163,p2wpkh
sy1p4sxx8v0y32mfjknt7xzeykt5ccskhn2n2ja23mpzej38xutvz0mv6cynh9,wallet_164,p2tr
sy1p6de5rjqje2p8uwqnqazjv6pwupfmkvdyx6n33kscy00n92ktxwed69dnm7,wallet_164,p2tr
sy1qmqplj450ajajlk03re8rwg98wmspupntxqmfpd,wallet_164,p2wpkh
sy1q9fx52ct4ddakcm8nf5s4atr239vyp93c98gcvgd5f8yw9qvwcmr723w35n,wallet_165,p2wsh
sy1qjp2pdfkpd9neheh8kfqqpzm45ltxjtqvx9qsr2xgrtgj6s2f00zwkxhquy,wallet_165,p2wsh
sy1qkr8xp4mu2dp84llrep38zse4x6ads4jrd0hd5xuxk3awtm7n4l3k5zlttr,wallet_165,p2wsh
sy1qx304qeksje4ljkwz99etureds2qwyqwzaakjk65jzzhvq9zj73qd0cgjha,wallet_165,p2wsh
sy1qkrdv7r2mhl78k3jjsc3y0wwn5h6a0sargkxeazznswv4q6095dtjwy4tdm,wallet_166,p2wsh
sy1qq42tv26va25etgw8v9d2ffglpqwrt8p4dsgmhr3hs9dccx6krzjgxx6ct4,wallet_166,p2wsh
sy1qzknjr3pe2px6anlx74u5n3yjq78hy9c5le8zgg5qhtvzd8dqda4ewvr9zu,wallet_166,p2wsh
s35r3qp4zeuve8gxm8gja0s38eur88h9zu,wallet_167,p2sh
s3ejycs6csf6k38w4v9hf8a3xj8uwq55hp,wallet_167,p2sh
s3gg66a6um0r5fpa566tvufuy2arxnaq7n,wallet_167,p2sh
s3qcv8v9ek964djnzcfj86zlphtu05vsxu,wallet_167,p2sh
s17j7a00j08jrs23znzcm3ezrpz9z6dgsv,wallet_168,p2pkh
sy1q4m5wll4hkf07fayd3pdqzh509yp3a4f48qkpvc,wallet_168,p2wpkh
sy1q70hca09vv5wpy9umlpwnq5ja8vqhpltg3wlmm0,wallet_168,p2wpkh
sy1qlgwy860mxjey3jm02zn40q2rwhv7eeuvvjpy3c,wallet_168,p2wpkh
sy1qf60yj0dgcwyg75mvayg4kswjxpa7s5j804a5cv,wallet_169,p2wpkh
sy1qrexfl60h94zym3n5pyk4ftcuzdm2sa7tsk7urw,wallet_169,p2wpkh
sy1qrxvk9xaczyp0k3vwttp68lpympvwzu3ewl3p2u,wallet_169,p2wpkh
sy1qsg2yw47ddtwxpy0mzntsylhx7dmy622rhzaa0p,wallet_169,p2wpkh
s1dskraucxpmtyl9zq4kcruq63s22g6j0f,wallet_170,p2pkh
sy1qlcg2zdsm4zsyeqjw33tgvch40zzs5fhd4x3ppv,wallet_170,p2wpkh
sy1q3fj4c0fzx5zs5kxjguz9vvauhrt0tqc0kgfns8,wallet_171,p2wpkh
sy1qjjxhlmnpgkx08vpfcvvafujazvdtc7hvpsf584,wallet_171,p2wpkh
sy1qucgujqnq2f9evsweg7f0xdgtvs5ay9dcz0pswx,wallet_171,p2wpkh
sy1q23nkqhs634tzep540kcmq4sjstrlplfev83794,wallet_172,p2wpkh
sy1q28lvuplndejj5pc9lnhq42cdmc5kxrmsjjjn6n,wallet_172,p2wpkh
sy1qmdyu3rrfuyu3eq3dae7anh88uyxdda7ctymw56,wallet_172,p2wpkh
sy1qlt9wxf9dttuqhw0n4drj6jsyqwfxmdn9j48g4p,wallet_173,p2wpkh
sy1qva2rkyp3u0rllac0csw5e369ufescjv829vxsu,wallet_173,p2wpkh
sy1qx2mhey9hjqygusj0wr38xh74x4vumt9h52nlca,wallet_173,p2wpkh
sy1p7stcwcflhk6l22t4jjssmtwkt25skqc3anhyn5nq0g5vp60w0p8cng3yfa,wallet_174,p2tr
sy1pkafz8lralzfngfdhsqcv0v326cm50m6changhgnrq4h8dm5z2dkllnrs3p,wallet_174,p2tr
sy1pp3q4hnnpsz5scjtnqakpsks2h2fwj2w29n9aktuhr5y4stg9v44lpdsr2h,wallet_174,p2tr
sy1p4awd04psq8w85wnjy6tdu7sw477fvetrk7eeyvgclf9grlvuq3jup7jxy2,wallet_175,p2tr
sy1q9a8h2m3a9s78qqwxa66ugvpstm7ehz6ljek278,wallet_175,p2wpkh
sy1q0e74pv7rdjrxce6mpg8slqk9xgw3mcq64078a5l6lszdrrcqefr4xk0qre,wallet_176,p2wsh
sy1q40676fyae95csj7rh59h6k0r7lgl4xnxhpgx5x9q2f2794a6gyrdwu78mr,wallet_176,p2wsh
sy1qvl2u8taa4n29a796ju30hnsuajcztmvu73zvzsfqh6z4jyu36rv50036ry,wallet_176,p2wsh
sy1q8d2nwlhjnmjgvsxlwkngsczp6xsly8muh6v2rt,wallet_177,p2wpkh
sy1qlwp8dkrcedu6jfpglsh2dz6gyzfpzfxutfsncg,wallet_177,p2wpkh
sy1q2lxt734fckvrymnx9pjx6sxu0ye305r7gfjrc6,wallet_178,p2wpkh
sy1q93lz0n8p52z98hayw4da3du7vd0tqufvcms5ru,wallet_178,p2wpkh
sy1qa6fxkw3ayacz4qn4z4ml6s059tj3krmtt2uskz,wallet_178,p2wpkh
sy1qkdfgegw743xdlmge78ljk877tm8367464yc2lc,wallet_178,p2wpkh
s300gup92sgecqjrk80w9ahgvcq3kcp779,wallet_179,p2sh
s3huzm46mxawpkyn0vqefh0ss3h757anas,wallet_179,p2sh
s3l0rqzhweptq4qzhjhy9kptqz37nde2xj,wallet_179,p2sh
s3uzsvtlwsq8ayk5v4zfyeklnuyh7kur4u,wallet_179,p2sh
s13ye6uv6843n0hetan5jyhffrsfnr46dv,wallet_180,p2pkh
sy1qewzyzk88yuglg5syfh7hycf296t6l25sjlfx4q,wallet_180,p2wpkh
sy1qm8ggly8rewj74atglu3p76fp4f36k78djkxgcd,wallet_180,p2wpkh
sy1qwtwx2zp570lejx5nfhp7fc8v7m4www8tnnyfxw,wallet_180,p2wpkh
sy1pgsadzjrkllhhuyd0fr6vfqp2jmrp6tau56s58p9uuwmquw8y8wpyvja5uk,wallet_181,p2tr
sy1q5kgr3a2hfk3nc09udd4de9qyq2zf5kf9rlf8vw,wallet_181,p2wpkh
sy1qr953hfazqdc7wk9vykwdtxq2l05y650ktyfd3w,wallet_181,p2wpkh
sy1q5ef4wd99f4myqj8xg9a9q0u6m9tdpqandrvngy,wallet_182,p2wpkh
sy1q7j43rgvaczu73848rhqgrmj9g6qxsavx2m2et8,wallet_182,p2wpkh
sy1q9pmaxkrrf8rynatjcea4c2q0qm3cn3d8u7s49u,wallet_182,p2wpkh
sy1qu2zlcpgtu2a73f3c0qmpt8q0343hz93hhshl6u,wallet_182,p2wpkh
sy1q5evkas0adutetu2l0eg0yehr6jrdnrjtq4gxku,wallet_183,p2wpkh
sy1qn06mt67kty45we8w4sak8gugv3mzky3pv7fy5r,wallet_183,p2wpkh
sy1qv8nuqze8wshr8g4u5t5pq3u7g0kl7x72jf0jru,wallet_183,p2wpkh
s170pny8a6cdwxhvmuwquwwhl78kra9szp,wallet_184,p2pkh
s1ssu2q2rt8kwwe7e2s7yccd2vsz793n66,wallet_184,p2pkh
sy1q0h8wcwp6ssgwy8v9th05gsask2wt7plczq9705,wallet_185,p2wpkh
sy1qzunt6fnxrux9dnwav9ssmuqqcngspk3umttr8w,wallet_185,p2wpkh
sy1p3r70ffng2vhypc5xm63lu0wdynjmfm85xjmdpd4gxuvt4vdef9x33thepv,wallet_186,p2tr
sy1pf2zqpmxsy2jev5teymp3n3xfvc83kf9280w8qcy0jlpyaehl2um34v646l,wallet_186,p2tr
sy1pgu25fm5httr00rwr43gl28mmngk65mp3jm0hpntldkwses79fwhnszfrn8,wallet_186,p2tr
sy1q0cp79cf9ulnduc9vajm75fdc8p6urssg0g0h9r,wallet_187,p2wpkh
sy1qh0rhxdyvrz9tgry0ss33hllxe37hgrs9xf4qat,wallet_187,p2wpkh
sy1qw50h3euja2hf2v8a2jwaf69ksktqk8tlsjxyyu,wallet_187,p2wpkh
s343mfa2njqydt7f5x7q9qckz62a8y98zl,wallet_188,p2sh
s3hqt7mm782k5n47jmum5hd0c2vnfepyzd,wallet_188,p2sh
s3nkltkctzf7lqtzlcehkqyfeerslpm9k7,wallet_188,p2sh
sy1qpsl54uklc47x49ay4asnkt43ewtjph60yqcs46,wallet_188,p2wpkh
sy1qernsufsyddlzkyfrkuln3fk2c9zm9dmghtfydm,wallet_189,p2wpkh
sy1qq8caxmsavwh78x6337jwcv4ze2jm5qtq5678f8,wallet_189,p2wpkh
sy1qu77583h9fkzsl99unmfym3ku3gts8nx0y6grtz,wallet_189,p2wpkh
sy1q2s522pkgp7zkkwfmttm2ygysr0d836ngw36zmn,wallet_190,p2wpkh
sy1qgz67kqxqzjk2xsvevpw6fewprsjyk84szq4jar,wallet_190,p2wpkh
sy1qhehmrgscayjrrxw42anq2puk6ar6ntwgwd274r,wallet_190,p2wpkh
sy1qy3mmuak4ne2uy7ng9a2re5crwycru90pdreecf,wallet_190,p2wpkh
sy1q3p3skaznjgwwesrakn29u8k336zxnugzt625dn,wallet_191,p2wpkh
sy1qjhxj7wdqt0cw4r35fnhgwja6c5d9m0vkj5m24e,wallet_191,p2wpkh
sy1qqwzaymh9nwt3a3tydv76vanh0u4d2zp0ttuxge,wallet_191,p2wpkh
sy1qv4ghred2f4umyudsg63947l3mrkz9t9q0jsgaj,wallet_191,p2wpkh
s10hccxj0lskem3axwayl0uqlhc87jz3qx,wallet_192,p2pkh
s16d9z739ttq7yhannm6u707asm0d8nvw2,wallet_192,p2pkh
s1qmyrlc6gjvxxm0025nj2h7d8tllwamw9,wallet_192,p2pkh
s1z4y383rh6ka5n4dtckuruc4ulz3k78lm,wallet_192,p2pkh
s1200re2qzk5ey7tp3x94vjtcyjlfselvg,wallet_193,p2pkh
s1ee94eg36vnu0x7vj5mrqwj5fknzutdag,wallet_193,p2pkh
s1k7enpmnn7ylf5zhwxwclpscq3y9vppyy,wallet_193,p2pkh
s339j2ah9gdxht0nsfljj9kdl84p4au09z,wallet_193,p2sh
sy1p62cnch3whzf2hwuunv2zgxgmpvfjhhdgpvklxq0m9eh828n907fndguuuc,wallet_194,p2tr
sy1pgfqhcacslglp5vjkwvvf38zllfvv7paankwyzzesepdawtrvpdkhwsjx7l,wallet_194,p2tr
sy1pjmqmxd3hnfc8gc2umtad0xk3rt77e698f8gltwd9wez227vt28q8kwcssk,wallet_194,p2tr
sy1q9yf2qu6vpv2jrcdwcdar0qnrq5x93zxd34jyt9,wallet_195,p2wpkh
sy1qql6eu2u6n9dha6685a3uzx77j8j7xypezls3un,wallet_195,p2wpkh
sy1p8cyhvnrz7n22pc9pecl4g9tdmlugd7fvle2z2jqctnw57850azsn8r8w5u,wallet_196,p2tr
sy1prgk7z5wmq92t7qc5t08em0se3l0w880rn890pq7mp57f7jlmfxgvrm9dl9,wallet_196,p2tr
sy1pww6yys47a0tvqtf9gawkn90zdypqz33097h5w5f3xaqf9cmhh2ujhzvnac,wallet_196,p2tr
s1qm72vkp6wgz803lfyx62d8ztfztk9gze,wallet_197,p2pkh
sy1q86wdxg534rrggzemk0cneezl5pk6pfajap88jg,wallet_197,p2wpkh
sy1qn97e35mtu8sfhz33tpt6rx5ws3qxw07sg0c9nw,wallet_197,p2wpkh
sy1qv8mt2yuz9lvq90gl39afvhn3jv7ju2p40kj6tr,wallet_197,p2wpkh
sy1q6lhaxft5f9jzzu8ltnhwc8qqqm2tfsesmnerg7,wallet_198,p2wpkh
sy1q7kg753qy9qgwlz2f889utzla3865qc3xcntdut,wallet_198,p2wpkh
sy1qhz363kukf8zfnyhclf9j8qgqs05as2xuk7qrv7,wallet_198,p2wpkh
sy1q5h0h4lpwq9rkyhwqgkv2r0rgfgpf9pvslvmpl9,wallet_199,p2wpkh
sy1q656p9v7d2t83t0wrmjdcnjnlydn63xlke28e00,wallet_199,p2wpkh
sy1qk5jvqqdt8jlhezvukymm4hktzl49yc27vu66a7,wallet_199,p2wpkh
s10u8ctexve84j7yz9fccsfey7m9u8q3wh,wallet_200,p2pkh
s1htl07u9vl7cfevm432x5jss5z23f52vf,wallet_200,p2pkh
s1sqdglegalnzuhhcqsw9ewur3w7gu4rq0,wallet_200,p2pkh
s1zzczf8flu8aa3xl5kl8vgcelan8j630l,wallet_200,p2pkh
s3jjjhw8qepfg3edtnkvmlgteqzpdzhvtr,wallet_201,p2sh
s3q9msfzt44gdsprs6ka3h2nkh7u63msjv,wallet_201,p2sh
s3vgcmf5smh373t3s2le39mkc3vg6lknrr,wallet_201,p2sh
s3xq4h55ejsmq8huk8tcaqasnmz6jw0g6g,wallet_201,p2sh
sy1pzuyjrkg98uza3njy5s2p7smlv4d7jnklhnydk6q8t3nkm6qljssyvsmsgk,wallet_202,p2tr
sy1qh8kc4g4q9thqdtfktdk8f0kuecyxygfez4dfmg,wallet_202,p2wpkh
sy1qm0ydqdk935pj8396xalkgxtgf45cylte8u6mr2,wallet_202,p2wpkh
s158l75wtxrmkycuwptnndgurjelh0clct,wallet_203,p2pkh
s35cu3wrxu4kwy3scxtvy3jf3tqtt8q2pm,wallet_203,p2sh
s3tw0ayu6d97a9c36lpr042kxdaemyn4gt,wallet_203,p2sh
s3u2cuefx9km2cqepxlrewl2autyx0gjwk,wallet_203,p2sh
sy1pjcam54y6llu79fe20s7le83zfe54vp0za9cgt4yh466jk6feftvx7nf0jd,wallet_204,p2tr
sy1qcatyfdhejgl29cw7xynvc270cgca7r4pxrf5qc,wallet_205,p2wpkh
sy1qd8cjct67uadd47t2544ad4ck4wg6798xd2f4cr,wallet_205,p2wpkh
sy1qzt7plhepzn8h8p5u59vs6x0ve80sy54sssddhh,wallet_205,p2wpkh
sy1pkeahjge55nn5yeqakafxfu0nwlmmd3tnypmc325pftc4gyc07nptar35vp,wallet_206,p2tr
s130ld6t06dzrnkzzaseafpg72lhg9f5tj,wallet_207,p2pkh
s1qkh4hhaym0cpssas6rhxgszkqd2jzvx7,wallet_207,p2pkh
sy1q3dap9gmy7yrtqdqnqpw530s6x5lh7wzfekh9mguprac325pwhztn3g8xwz,wallet_208,p2wsh
sy1qhtpwtpcmqhteax65jwd5nee6scgdp3sm0p670qy3f4nq83pk6x7588u2hn,wallet_208,p2wsh
sy1qva6q44djr8kp6sshxt4a6wfpvfam6tt773va3x5dl2ky8uekek5z2qjxky,wallet_208,p2wsh
sy1q283jp30n7wqs4sgm8mkvfr7clc24nnnpuhgnas,wallet_209,p2wpkh
sy1qd2fv2d57fp2qxtt9my2rsm84klmfy3uer4r5fc,wallet_209,p2wpkh
sy1qyk4jc5y6ycxh8sfqhsjulfn3mvhnsys29ypl6w,wallet_209,p2wpkh
sy1qzcrjhu5cnkhzfqgk455ykskln89undutgnw7ea,wallet_209,p2wpkh
sy1q7cuk2tke36t0jtayz5tfp9shstefv7ce846hmg98rv5z2vcm7a0fjwr3f9,wallet_210,p2wsh
sy1q9tyvg8p3a5uj6a6sg4cnfaahpd83j4u4scth2xraeepddrqdlyt4hlkr8k,wallet_210,p2wsh
sy1qrad6w0cerdtuxuqtl877csszsjrt4prnqply8j6eskpjkgwju5rkl9djry,wallet_210,p2wsh
s1ewxzztvs6sa0zrtq70cqkelpe3dvg8xp,wallet_211,p2pkh
sy1p80y7d56n4ezkdlclmk2gfe7e7k4z5s9306rh4wydwn2pc96jr58s40h94d,wallet_212,p2tr
sy1p9yem3sv4gzkzchpttcr25qu5aqrnj262yuus335w7z8m4vxwv25jvgzqjk,wallet_212,p2tr
sy1pvm85y2h9p3vvm0qm8gs8ta0fn44qwnvydyvqlat2g36nly7mc279qcmdj7,wallet_212,p2tr
sy1pw6gqxgh3tx520c3vekqd828084l4ecwg628x0c365fpm3g6uqy729dq5st,wallet_212,p2tr
s19u5wvuxa7xxcgez48gp08amnzwz0wch8,wallet_213,p2pkh
s1uq35ymkr3wkj8zv55mxq42hy9rr5nc2e,wallet_213,p2pkh
sy1q6q9ncu4s02jn9dt4mjmpefgj9x7exzjjqyg9nn,wallet_214,p2wpkh
sy1qk97pa4v5evkm5hvwzqsk9svc39u4ccyfwynvdf,wallet_214,p2wpkh
sy1qw6pjjlc0emwysd789t60uxpeys4jvwpka3ve7m,wallet_214,p2wpkh
sy1p3q2x8r6sh0aavwvvruveyzndsg7k5dx6rdzuvwp0k7hxeajxyhwrw2taa5,wallet_215,p2tr
sy1prpz4lvnkcgskc5p6f7dc78qlp3ea4akujlghah8khsqamxd75vgeg0346q,wallet_215,p2tr
sy1ps2zukdvej0q57yvywjj42mgtxz0uc32pdkanuaq6pl24nu0gkzk0vu2da2,wallet_215,p2tr
sy1pujtermzme9dwe4w2adyjm6f5dkque87qlmcvqgxg55a7qn7vkvurmzlk0j,wallet_215,p2tr
s13gvylew46l3t8rsd58jcmeetjl6mum7y,wallet_216,p2pkh
s1qc24x93fss5y55zhla4wjcjy6werxdfn,wallet_216,p2pkh
s3tyf9eg2p94ld3zlfrzu4acy002578mre,wallet_216,p2sh
s10wjwkwle9v3j70f0ml3z5qhzq7m5kesa,wallet_217,p2pkh
s13mr604n6gn0rr04a0ts9xatxm3trsr4j,wallet_217,p2pkh
s1lvm735aexgtsf0am4wj5pflhjwpc2w24,wallet_217,p2pkh
s1w2z4u5hlwvdx0chce8u0yuxxe7uh32k5,wallet_217,p2pkh
sy1q3fqzfudzlk54a9qtnz3pjkpfsdu2hp2payn9qvphvwdh9cssl50m7r6c7e,wallet_218,p2wsh
sy1q46sz88q5zlkpmz2kegk6cef6pk6axmjhznvcf79ga4jmsd436ld6z03wv5,wallet_218,p2wsh
sy1qv5q83wcjtrxg2ugt8rfjuf8sqdjrdaz6cd74l6ffqan4apwdpjmy6yzjvp,wallet_218,p2wsh
sy1qzj8vtz4xcygyrxfytsxtjaj35vnsxxzunzqdafn9u5vuruzxx2kpvknw2l,wallet_218,p2wsh
sy1qa2xvau76assh4kury4gmkx98zwqre00xrqdgyx,wallet_219,p2wpkh
sy1qkq8vnura6mn924n0n3mevun3zth20hatj58kj9,wallet_219,p2wpkh
sy1qppeqfxhxyym5qxksxu464cdegnucgv75995r88,wallet_219,p2wpkh
sy1qy2ldff4d5nfgpwstqjnyzjlu97qzttct6awxpa,wallet_219,p2wpkh
s1qc2vnyfnaueaq2e2fst05ca9nt4c0sfu,wallet_220,p2pkh
s1qszyzuup06pjcqc5up70w37zmmtdfrss,wallet_220,p2pkh
s1y7j4pt38ug3c4dceshq7dutm4prxng0f,wallet_220,p2pkh
sy1qrzudxgttqee33nzjg5y4jxxt6az688aetzlnut,wallet_220,p2wpkh
s33q98cz0t05je82kc6ltf24l9cpdk7ky9,wallet_221,p2sh
sy1q8kmx2zd6yzh4y4ly7dx00ese2q9nwjl938fzyw,wallet_221,p2wpkh
sy1qfszsn4depdrtnyr954ft895y0szq6nf8lk4xjf,wallet_221,p2wpkh
sy1qja4jjjca7lmpwz3cn4j4jfpvu7ztwjpenrl4l7gs2hxuaxav3kmsv5rv89,wallet_221,p2wsh
s140sy7jgmd6269gjdrpmm2d53sde7t9dm,wallet_222,p2pkh
s16cpuj8v47l38cdvz96w0s93vspa9y09v,wallet_222,p2pkh
s1kpgylclsmgeju89kdewh96ceccqp7fxv,wallet_222,p2pkh
sy1pel4fm0kzsjl04mdwjwrkdd8p4d47ezs3ue0qrxskmnh6ua59707mqv2ezr,wallet_222,p2tr
sy1q7ak5sy75unnk7tufnqrvc0sr7j0f5yw3x5qjy69erx4y6at0z48qltumqx,wallet_223,p2wsh
sy1q8graj4ndt76saf3cm3v9n53kl6y2v0yzqzkg8jhscazhlmg92jj53jw8pj,wallet_223,p2wsh
sy1qglxum43m89xy0vpym8zjd3vjr239c2zy2gyx3yv3vw640jjvshaxd39dge,wallet_223,p2wsh
sy1qs03avhr9l3p57n6ygs4qwm3r3j58kffdzwlrwvhyz9ftasq2s4wux7r5v6,wallet_223,p2wsh
sy1q9xvjwksv437yvyk4uj8e98srspp5v6rrhkcwep,wallet_224,p2wpkh
sy1qcjturxf75g22786cyz0cntw2mg60tw8f4cwfq8,wallet_224,p2wpkh
sy1qs38qzjqmrnpr5ca83dr3nverwafhv4p3flxa0k,wallet_224,p2wpkh
sy1qwczsqktevuuwqgp50y5sptzs0l85kae43lyv6y,wallet_224,p2wpkh
sy1q3szzlkjxhjyqauwfrdtxh75ds8uvf89zf2veaf,wallet_225,p2wpkh
sy1q8vcm03gket69vpavy69vphpewg2zqv5zhhrf39,wallet_225,p2wpkh
sy1quh36yl8e6jl0vvmdcnhnwxuzaz8dq4nru0dnq4,wallet_225,p2wpkh
sy1qutva4pd75yu4p5yr5jlr9asvxqjeg6g6wq0u06,wallet_225,p2wpkh
sy1p3cuea6q8e4dt3m6khfuqauypwxgnaxnud7d5ek00xc7umuhge6vl7ggvyq,wallet_226,p2tr
sy1pe6qjrnzwv0qt6pl259kh280pjc905kdcuqc3gz34jajrlmzttnyr2umdmt,wallet_226,p2tr
sy1pexfqlqhnqmy593up6hepae37vxxqneev3lrzdm2l7n5p8dphklrajuzfwr,wallet_226,p2tr
sy1pu0nfy8ch640v2vavg9ln0x2hdhd4lcqk56ctkhe4vrsyck5ytsskdm4hjp,wallet_226,p2tr
s10lu2dte9zgwt2eshfv4ku9llaq47lh3n,wallet_227,p2pkh
s1jp6wv7u6uyzjylc6wdssd5jwg98h5ehu,wallet_227,p2pkh
s1zl6y3gey87w7ck20ha0t305g8hsj6nxj,wallet_227,p2pkh
sy1q5t7mls5gl5pycd25fxet7whc6pk3nefcueh93r,wallet_228,p2wpkh
sy1qnsj6z07vwphf6dp8k40n2gssqhas4mtfgu65jn,wallet_228,p2wpkh
sy1qpw6dapwfq9cz49ymcccqguywqpdnlasxt6042r,wallet_228,p2wpkh
sy1p2pz6kz609hm79yctg07085ec3acflrr7z2g4wcfgmxdr8wzau00nlvxlj3,wallet_229,p2tr
sy1p6ncr5chyynw79ckc5ngrdz82cfswme6zt7shk7ccgmdy4gatjy2j97e4sw,wallet_229,p2tr
sy1pz3wghtm8edjkvjv02s8lyqzl2nllk6u5sagpl8zcdl56kgmsv4zhd7f60t,wallet_229,p2tr
sy1qq9zhjqyefvjpx9qf3fjfx55pyvelag7s8qlmcl45g7afwx4lsfs0t3f0qh,wallet_229,p2wsh
sy1p4x3df9mkfuzsgn4x36gg2257a0lwqgma8jqr7kmqczkmus8xqstu9cwlv9,wallet_230,p2tr
sy1qua50jhjjzjq0m5hu0wy9jarqkeh4qkp0c4h4sr,wallet_230,p2wpkh
s1s04h6ukdmt8pnyzf9kgyu0scw2rtyc9g,wallet_231,p2pkh
sy1q4vw3wasl9l37zs5n6ljyfqyw32rk5x0xs06w4k6glxv98xq44sezv8duqp,wallet_231,p2wsh
sy1q5n46m8m8m98p3nsp5nzsys0g024glm942ky5yq30hp658yhh2d8fjhkt00,wallet_231,p2wsh
s1qcsgfz3j2wjyfcufzha3zfmauf3zrqc3,wallet_232,p2pkh
s1zfmcgujdrjmn7c2lu8uqt04w6jduy78p,wallet_232,p2pkh
sy1pe2ydxqxyukx2t3yrwt9fg5n5nxlgynle3edfm5326cgw6fhnxwsglu02jm,wallet_232,p2tr
s146pau5rzvrm549n7s6gmzcad2lr8dtt2,wallet_233,p2pkh
s1lsngrhxvq5a5h0x89t55afgykg42awy0,wallet_233,p2pkh
s1q0c74ey5un0rp8vtth3glg2p279a9nzg,wallet_233,p2pkh
s1vpkc5pxcv8ew84r7saxwtj4mswejfxct,wallet_233,p2pkh
sy1p6ke8k6368u7du6a68jyte64k7rja8yn7pc8xeaem3maemvmcn90qffr95s,wallet_234,p2tr
sy1p6xccymcy7n9sgx2q5m0tur2vvvz7lmx7sur5zrgxshxd0lyzny5amjn6p6,wallet_234,p2tr
sy1phw70nduyrm49h0yn84ea58auw206zrwcyfmsp5rss3sm6t5trj78k4aa7d,wallet_234,p2tr
sy1ppka9wgyhp0p7c7vzsqh2ztpq8mmfu7z7tc7s4mymey7zmvdlwmv68kdrgt,wallet_234,p2tr
sy1q03vgzl7z6s89thgtp3gs2euf4em32mshv2hll5,wallet_235,p2wpkh
sy1qej98a6luhkes6yjkhqqtkrty5nfhwp2zld3su3,wallet_235,p2wpkh
sy1p7tgpy2ph6jas9qfua6q0jfcvknndkrw83raz2myxzh9pyxv5g89y60w63m,wallet_236,p2tr
sy1pc9nnfmczajzpk4lkg72sqn0kj4yfuuajqqvrqd6uargvqmw09rp0ua04wu,wallet_236,p2tr
sy1ppgdvj5rju7hnury2ap0cz99x9engzd034lxu2m79pf3mln7yscqh3uatq9,wallet_236,p2tr
sy1qjx48gz388frcwyjqhsrwk8fn0gahf3n5a2aq94,wallet_237,p2wpkh
sy1qtzhypvk6uwzsm237kwysw4tz0k6k7kmpgrpj6f,wallet_237,p2wpkh
sy1qygzq23y63ggadqt6dfwt8rhhsrksayquf9fgtc,wallet_237,p2wpkh
s35tu3u2659vvs4jjzczeqgj6duukep8g0,wallet_238,p2sh
s395989y2spcgjkx7fz8svtd3yc6k8vg83,wallet_238,p2sh
s39nk88pd67r9x375t9hd394vraqdqj3dg,wallet_238,p2sh
s3me29rf0323s6mr7f5rrwuxrh53pv8e69,wallet_238,p2sh
sy1qfkd5e9yxv7cfslwvj5cpensunc8vsfrhfkph8d,wallet_239,p2wpkh
sy1qqwkk0ftkv9jaq22xty6qgq5sjjrnmp4s9qqxq3,wallet_239,p2wpkh
sy1qr3ut8p4dmmtvmnlfwqd6f34qglqg28j0jgw6el,wallet_239,p2wpkh
sy1qvshxm4dhqqy0zucq90ze9tfrz7enck2c7dgu0e,wallet_239,p2wpkh
sy1q9j0z57mmr7ecudx88eh0jyaydqkvmrf62t4g69,wallet_240,p2wpkh
sy1q9lqq2h7yzazxr4el02wtys3ztdg24x3n3pm6nr,wallet_240,p2wpkh
sy1qdjltz8vh4x5csrkkkdy6ljv809tmcy5h7w6vg8,wallet_240,p2wpkh
s3jcf3zf8l7759ge6yr7mf3zg0hsepmqty,wallet_241,p2sh
s3mrsksnfwjfu6p4lcdynkwef2slp8hq2j,wallet_241,p2sh
sy1q5eqfa2vjye72uevjds84ruf052krxvv0dxrn5v,wallet_241,p2wpkh
sy1qkcaz9ddnjwzqagvcwqsjtwxr6ml3s29pslz5lj,wallet_242,p2wpkh
sy1qpn2a95meww0sasc96rjm8mp6flxs0qhqcswyz3,wallet_242,p2wpkh
s38stg3tqvjqxaejtcag8ff0y92g0z02ld,wallet_243,p2sh
s3feq4jq2et8mj4sl32dtmtksp2klm3wuh,wallet_243,p2sh
s3mhnr0tjchxq99gy29zmypnrzn9t5vl3m,wallet_243,p2sh
s3w79gfs6t90u3ue3n592q7zs5jy2yhucz,wallet_243,p2sh
s1e3qjda75e76qtws797u3n73rue97009w,wallet_244,p2pkh
s1erdc8ahqgl7atqr8096j7460e0k5c9xa,wallet_244,p2pkh
s1whfpzxk5e6wrma9a88gn7rsx4x8z2vcz,wallet_244,p2pkh
sy1qxe0kgd9mc6qsvsprwrrk4dv5gjqhhqvngdp8rj,wallet_244,p2wpkh
sy1q78rc8secmfe64pnqv2unhj86c42xzplhja2uz7,wallet_245,p2wpkh
sy1qc0g445ctnd6a838jk97nskxnrlzp2tsu2p4t8x,wallet_245,p2wpkh
sy1qe05tecwxvn38c5t75mjcen58s6370nq6hewfcr,wallet_245,p2wpkh
sy1qfwmnmnqz6setjq2p40puzas2l2ff5vym6t5cc2,wallet_245,p2wpkh
s3f37ttgmf9mz0pfmhvhch7w5xz7ljvczq,wallet_246,p2sh
s3u57weasfh9xtq0vcc965s4nny6gvnyrp,wallet_246,p2sh
s3yyzp00agnqvf7tpdf3f0pt5dht03fjaq,wallet_246,p2sh
sy1qlypnm35tt79h0hgg8ug8n79h85zdmswrulcuqf,wallet_246,p2wpkh
s34re9muk5j7kqqx90dhkhl6wazlgkflxt,wallet_247,p2sh
s3vamyt5pdflrz7v9m2z65z4w8g4c0ykks,wallet_247,p2sh
s3vzvp8cg7hj35t2lduyge66chlvcgvwyf,wallet_247,p2sh
s3zkegcugm735wx6ahx42ghf0trhtv8duh,wallet_247,p2sh
sy1qeeayelpq4u2dwf57msjseaep4eyudarcq7yq6v,wallet_248,p2wpkh
sy1qn3cavda23zptq4yzqxm3xl56p858kc2ummkd7x,wallet_248,p2wpkh
sy1qv7h43qee9ekmsrmpake8xkjwzwkhs7rxelay9a,wallet_248,p2wpkh
sy1qy2ucrhpvpualvkasqxauv254tj270nrf0fs47x,wallet_248,p2wpkh
sy1q07704vz00wmnk2d9yddlgf5pgpedkrzamphet5,wallet_249,p2wpkh
sy1q3qh6v8yx5xn3gm585hn94f4y8h97mdsarrdyyt,wallet_249,p2wpkh
sy1qzvyqdypxgh5vzm65qzdnpsfjneelkw8asmj6y5,wallet_249,p2wpkh
sy1q7x5k6hdyn4mjrjurux77jrhajzek8gmaw54qac,wallet_250,p2wpkh
s15ef3vflyypzydjjqrezyl7a05dvue9z0,wallet_251,p2pkh
s1l96eh5tec6mpfvnm9euju52cgc3u5d4w,wallet_251,p2pkh
sy1qe8wexmzngqgxs70w83rw8m9rp72gyhmp0qadfe,wallet_252,p2wpkh
sy1qmwhtgg2krvduh4e2fj98w2564jz5a82w73dv39,wallet_252,p2wpkh
sy1qnfg80z9puj0c2dxjr24y3nav08ysfhk5z0ez82,wallet_252,p2wpkh
sy1qwwsqw9znyv9352gr90evmf0t5l7zgxu7ff2n98,wallet_252,p2wpkh
sy1q0pnfcu89rtucf6dkp2upjsygpz9f2vvacu8pxt,wallet_253,p2wpkh
sy1qnjaxger5ycz7aq4kgxwd0axka2q6d2ugahzkl7,wallet_253,p2wpkh
sy1qwyn3trsjurrnstfacj8klx9euca3sn875yl3ma,wallet_253,p2wpkh
sy1qxqpmpx09p8g58qvw55ysul5h9ffxtm5z8arrkn,wallet_253,p2wpkh
s1gt6m0te3f00a8y2aplzvpuyx080wh2sq,wallet_254,p2pkh
sy1qem5tdv8lpl7spxsq9tmm3jh4ay8yhnr7yzeqhv,wallet_254,p2wpkh
sy1qs9wsg2kavz6e2jjp6vu0xpqd0s6mhlyr9z6l8d,wallet_254,p2wpkh
sy1qzrvrj4q2qsrlly26xs8qevmjcyr0vndllfglls,wallet_254,p2wpkh
sy1pc7eepgvl2an24egyn5r6nk8wa6esamfesr68m4tr926luawhxjecrcp4du,wallet_255,p2tr
sy1pm50uq7qtt23yq7rgmrzfh2w2q40e324sgh62f72rg5dmnzsw3s3adqy829,wallet_255,p2tr
sy1pnltnskvzfndnk3ap3llz39wg95wha4hun6p6v7qcsvhm02xj9qmdangqtt,wallet_255,p2tr
sy1qs2c26hmegaplk52sc0p6kspuah8ds5uj6zfp7h,wallet_255,p2wpkh
s13h2nkp4n3t90ykakmtky48p2l73k2mj7,wallet_256,p2pkh
s15hrz6w9j0u4we4l3h3rvymmes00ntlgp,wallet_256,p2pkh
s1l255de07j6jd58lye7zeytwdcupg73w4,wallet_256,p2pkh
sy1q9csj7k2mjt0h2g479mmfunr6semudv66s7hw6v,wallet_256,p2wpkh
sy1qajwd97w3vg8jpvn2huz08pnr4pqnh4mdnrzzm4,wallet_257,p2wpkh
sy1qfw922em8ruyx8ca78sgzkt9u0uaz6n226djw4e,wallet_257,p2wpkh
sy1qhnqqqqsunj99y3rq2w0v7vsv2fvh7xhd5e7fku,wallet_257,p2wpkh
sy1qt28wugr5wm8ma5ynmktsdgyjan0ml0rwltuw8d,wallet_257,p2wpkh
s134tuyzv894ha4z2h3mk6yqg3mdh6d9xu,wallet_258,p2pkh
s1fkqw2ymuhmhgp93tvlnr8mezxptzulh5,wallet_258,p2pkh
s1my083tqsksrahyyd7elmmxvuu5ezcw8k,wallet_258,p2pkh
s30rtstxzyjrc7pr8kdjxvtzzr855ax0sw,wallet_259,p2sh
s3qa0skp3jl5f2sx8h84z923fcnqp5jd7p,wallet_259,p2sh
sy1q9gx3smfp7djvcau2z3vf53u8lv5r6dj49988wy,wallet_260,p2wpkh
sy1qvfclg84yyyg6u82djvjfy4pmv0nesajrkdw4aa,wallet_260,p2wpkh
sy1q32n2nyhx8l8lmwqpdxq2uahlgujun5qmth3vuz,wallet_261,p2wpkh
sy1qrkgj654aver0s8ancstmr3p738g0g3fyatlp0m,wallet_261,p2wpkh
sy1qtjv2ru2lu9ae0vvxgl4gfw2d4s586qd4474vvt,wallet_261,p2wpkh
sy1q3e4u53vgk95v5yh9kny0zutynskmxlhrwf2dxt,wallet_262,p2wpkh
sy1q4d0enkcuy4n8g3vtztvlxm9xvaem5642tckcxz,wallet_262,p2wpkh
sy1qhcutvhgm85rrfcea65hs2j5ltrmwntnu0fzs65,wallet_262,p2wpkh
sy1qlewqfvnghwtdh4nfkxm0jerwap4dnhd3djmx5m,wallet_262,p2wpkh
sy1q23xemte3nrw9e578p2jj070pyhadl3m3vwgv9n,wallet_263,p2wpkh
sy1qls3q5utyfxhrwfut2wwvv33gv7k0kytvgya9fm,wallet_263,p2wpkh
sy1qymgmt98mzqsn5dsah5rectschspk8nypp6pkwd,wallet_263,p2wpkh
s18plymxp0px5qcc406vj8vj9t7zagyk2z,wallet_264,p2pkh
sy1q4f4j79n5eunul703td3ccsr3gsmdcavmkn4d2x,wallet_264,p2wpkh
sy1qdj06kva2njj8jwtkm6uqs5j80aam2h65lqqyqx,wallet_264,p2wpkh
sy1qa7744y0xtqcp9f66jqkl62tcm85pudp47nw8p5,wallet_265,p2wpkh
sy1qn0l6538uwz6gfw6pvah8p97gwl7wf4y7kwyvud,wallet_265,p2wpkh
sy1qv5mmt8venep46dzu4llnnweuyuj4vnrxwkecar,wallet_265,p2wpkh
sy1qvjdtyk0sgrgxu8tzn58xzsrwlj6arrv23rzvh4,wallet_265,p2wpkh
s10mcen4xk756j70eqyvdtm6xedqphns56,wallet_266,p2pkh
s1ad5gdnyq5lqp3kaea3gyj9smnp0xla4l,wallet_266,p2pkh
sy1q76np8q4gzevpn493tsn7t602fa4s4ks88dlthq,wallet_266,p2wpkh
sy1pqy8jtne758yl0d65qqhqm7x66j30fjcrgzny0ran5xf4cdjwvcztqx4n7j,wallet_267,p2tr
sy1qc0sr5nkl6vsa8yucypr0lazyy8cdcxkgxr3jay,wallet_267,p2wpkh
sy1qfla239pmszmtxldm6cx0mydgxmjda8veayup4v,wallet_267,p2wpkh
sy1qypmrvd23m5vvlr6r35nmh7nkt0a8r3runarsje,wallet_267,p2wpkh
sy1q6luz6fe5m0x9kzlne22x2672gu7f0vx9dwvkjz,wallet_268,p2wpkh
sy1qllgzwtaptyw503l0hpe7sncrtyhhg8l7z4y6gp,wallet_268,p2wpkh
sy1q458xyl2mrr3sdflvlahndheta8p47q5d9fc0zc,wallet_269,p2wpkh
sy1ql7x48hsvvz265hc6ntl3zs2c942uzx5wdjz0nv,wallet_269,p2wpkh
sy1quptqxp40muptt0fuggxc7p7exz9fsx8sfz8j50,wallet_269,p2wpkh
s184kwkqdg457a6dwal3vn2rdk5luqfxlf,wallet_270,p2pkh
sy1q3fj5ffmtkllg5pk9xghlydt0xq7308d0a636f3,wallet_270,p2wpkh
sy1q8lsr239skayu6azm4x4pgttnggqe7wqj0et3tt,wallet_270,p2wpkh
sy1qjg8nyce6afva7ule8xy70tc3t608yns2plfjwl,wallet_270,p2wpkh
sy1q0lw3kaak3v83jqz8rkykamthhnsjtrtmpnx4q2,wallet_271,p2wpkh
sy1q4zxte2vqaskhyqplqtqd0pd0yc924xwnlw5qhq,wallet_271,p2wpkh
sy1qrjdvaj025mqvhu7vqn2hdexcqc0vm6wesescat,wallet_271,p2wpkh
s33acsnmfh6r2z7gd0w50a6yya4tkt7ajz,wallet_272,p2sh
s35e3mzy34vmcyxtlucpte7qsnjwj9rryf,wallet_272,p2sh
sy1pyw7malmmcuwyf9t674qnyddd9s7lx528m4t2a738n0h397j5rdx0wxhmwx,wallet_273,p2tr
sy1qnkqgwjgz7aslvjjp8tem8y52m5yr9vjvwe3dfh,wallet_273,p2wpkh
s3sau87jg63s7tlm9ukqxh52wup0n7ph42,wallet_274,p2sh
sy1qat8c2v8fqj4ntc7yc3d3czyny5s4dpzqhgs953,wallet_274,p2wpkh
sy1qp3ne7amgks8vv6kzf39e3w90q625dght9xezt5,wallet_274,p2wpkh
s1fkjfsfju5qfw963gthxqu96exjwcclvh,wallet_275,p2pkh
s1n8x4g3yysp493v6pjsn74hejyzrmk3md,wallet_275,p2pkh
s1vqf9y0u765hd2h9fklmwe4qt3nhkycx9,wallet_275,p2pkh
s1waaqpxkk09mvktcmdzd34vq4a0zswqpt,wallet_275,p2pkh
sy1q2xwel0hys9hnst7xg7w59fywgslkc9p2ea7dhs,wallet_276,p2wpkh
sy1q49a7lv9yeluvxvlaz7umu273kz80ht3lqlk6gu,wallet_276,p2wpkh
sy1qzhvr657fygckm8863psant4ts8vkmswqrfmuzn,wallet_276,p2wpkh
sy1p6rm48dyth305dce3nr26qj55kmewpmj8thsy469zv2twwvzz47csyf36mv,wallet_277,p2tr
sy1p746qqevnuk3yzx8apmxx36xantzd2pjaj4qw4cfxnclszkqsrhj5v87dc6,wallet_277,p2tr
sy1pc3l95adak9z0yzxq6dl4kv399rlmcvwkpqxuwvllln4mehszavs9hwkpz9,wallet_277,p2tr
sy1pes4waq8lrlp38wtxydwaxgkajfxlq6stqe9c3h0pswk0gdsn7rpqtpmps8,wallet_277,p2tr
s1fv7avhsnh0msmn3kv2v4h0nzu4aclgsl,wallet_278,p2pkh
s1seftwe2yqt55skp0ewe30s0ga6q86r8u,wallet_278,p2pkh
s1syu58rfun6x6e5kfsc4sumfttmz2n294,wallet_278,p2pkh
s1wuxxunnyajuws6fnw3sfyztczreg8s4m,wallet_278,p2pkh
s1ddzcm9lnx65kp9734m3peyznv5w3kvcw,wallet_279,p2pkh
s1k4m47892ezgpwygjmnxw8aju2lx6hscl,wallet_279,p2pkh
s1tpwsrxg36dz42q9cqy05haeurzskldl8,wallet_279,p2pkh
sy1p4flt3awfsdzy3mg8hcx2rc67pz2ujckez0t790jmp5fnwkl6k0cap9vkld,wallet_280,p2tr
sy1p8thdgeycx9zjvycksvapa5mhlnfdaxunn75xgpyzsv09tqm7wjq7dddp9h,wallet_280,p2tr
sy1phe5mmx9cqye0ec55g4vpq30kutlvu8skv8ff7lym4tlu7p6htpl20690w9,wallet_280,p2tr
sy1phs70c0z9dmrc2ngsnaafj3pnqzdp9zyv8u7g3nu8ej3k5rxgklz86aq8wu,wallet_281,p2tr
sy1pvnrap60kjgc80rxtrn0eqrmjhr6htz5wxqkwj9jwn04e5ylwg3x3j46ak3,wallet_281,p2tr
s18twsj4awmj79l74t6kguj2ct6um6cswk,wallet_282,p2pkh
s1t9geurlsmapa4md4rprc40l34z6dglm4,wallet_282,p2pkh
s1wayjm7sy075c5u83gk9572nexr88p7d3,wallet_282,p2pkh
s15gdn6gty475ewrzfmaaka7zpmqv87gs5,wallet_283,p2pkh
s15pxvsvxv8jp0gysw2w5krpz73050pfl2,wallet_283,p2pkh
s1vfs8wyrr46e74jmesm9nxkff8024j0ev,wallet_283,p2pkh
sy1qfed3a7095zm6p44s4u85k2jr5sey99g8fvmlxr,wallet_283,p2wpkh
sy1qcrz6305a08rceuckeujxl5yx79rt3xvyu24kf7,wallet_284,p2wpkh
sy1qmxu358ycwtwlqvks0vdpxupu2fa3kzdw8ulylc,wallet_284,p2wpkh
sy1qy7y6mryauvhjwly2jcxqh8tmddch4sr6fgu9gu,wallet_284,p2wpkh
sy1p55g5ppywrkcvay07hvrvtlr8d67y8gewgzrmmk7are5wq8u04kq2309jaq,wallet_285,p2tr
sy1p5xcpmyltpd6fc0gde6x4f5nhxfztz3eqp3jsthys76unwg29s992mepy39,wallet_285,p2tr
sy1pj6nv26sn3g37m4jnf9c5fm9kgxsffsqj6aa3ethmc7cws36f5mmyfqzwtu,wallet_285,p2tr
sy1pwdwqjp9tlvutlkmwr6560w8farmlrjyaas7veapayaq52lyvx4jvfw07ur,wallet_285,p2tr
s1uzyx2dtttqda95w7sulf4yheny6p75u4,wallet_286,p2pkh
sy1q40fy0y50nyy2zjsx9emyp7f87rfvkjsu7lqkvw,wallet_286,p2wpkh
sy1qsfgc72w0f6s2sfzlf94d4laykre3uymrz9rp9k,wallet_286,p2wpkh
sy1qw00y3m7lts376g0p8vvfnmw0z09q9h9jfzwpls,wallet_286,p2wpkh
s1ezxzdvyppwhmpma037rtrhh9j9gehdlc,wallet_287,p2pkh
s1rn6s98kv5xvu0s0tfq4fcelv4jscqhzm,wallet_287,p2pkh
s1trpl08dwyl50zzetgpqs9rq29cfmf7dm,wallet_287,p2pkh
sy1qd3mkayuk5t27z9d6sxvl5u5d6mkqjemdn7vg9zllj59cwkmt9j4nk94dgr,wallet_288,p2wsh
sy1qv0m2tulp02p849a7xe59zqrllz5pxrjj2w8rl53hyjrwlkaw32zzp3893c,wallet_288,p2wsh
sy1q2379sh7jn3066gewnejtta55fn552dz20g7c8y,wallet_289,p2wpkh
sy1qceyjgq5r7j4ukr9lrxcaquxncunkz56zr8yan2,wallet_289,p2wpkh
sy1qf6wvlqzyhh273vtcj863gww7cemhaghplt7mqq,wallet_289,p2wpkh
sy1qytu2gg65tm8sf4dkjqzsgd0fvqzmxjzxc7p3w9,wallet_289,p2wpkh
s1c4rj5qrl74f0gzupfkz0weqn246s9630,wallet_290,p2pkh
s326s8czh09mu7kesr4lvfht5tyn60y23t,wallet_290,p2sh
s3xw5a6497qxlqa2kf8pkdhsz2vvt9c77q,wallet_290,p2sh
sy1pvvrxn74mct6pcsfrda2sdysrpr4spy6q63pfhpr5hgeevperscp7jxypmx,wallet_291,p2tr
s39zk5hmxrjwx9dtaz5uw0yrklnc8yqk0h,wallet_292,p2sh
sy1pnmh4aeaakm2jpzrsuu84dzjnveg8wjq2skmmmkn69zylstra2yshmu5mvq,wallet_292,p2tr
sy1q52xpkp8d3993ghtxqspncsja772pp6h7949w9d,wallet_292,p2wpkh
sy1qhsxfqvejl47t05s6s3ta606ylg08ukgjl69wn2dk087as5rg6jc5a9pdac,wallet_292,p2wsh
s12y74msjdmc3m7ak2q3kz0ffsgw4jw2f6,wallet_293,p2pkh
sy1pdac4cl233fqg3cenv506a0rkhr7j4chtsegn8xq6mgdnfyc4zvgu5jwyav,wallet_293,p2tr
sy1pm2cd746msp0e78ydlm0vzsx0jxvtfce55uj4ryvevy4w90e852273cyh48,wallet_293,p2tr
sy1pw5cddtdacmqxfxduzjdm9tak3mnqxh06fv76yr9yvk4hnuwsjymyn5f74d,wallet_293,p2tr
sy1q0recwjk2r0xyxqdf2kmuutm9j4wtp3q6fv6hmf,wallet_294,p2wpkh
sy1qynaxw2h3skpllj4zud906tz0h63hqc3vq59zwp,wallet_294,p2wpkh
sy1qkpxjw6wyus67nmz6kxgqk6nnly48enzsnpt4s2wgld0gnkmrp3369mrd2n,wallet_295,p2wsh
sy1qu54ypx62x3are90a5asp7p0m4j5qa57qetuja4hjp0cg9m6tkwedn7zsmw,wallet_295,p2wsh
sy1qyn9g0w0xx9kv0tpg9nzjg2pc3d33dgzas9aew00edfxcd7kfefeju5wtnz,wallet_295,p2wsh
s1d0v30chp269zv89uehhhrenezr5wnpla,wallet_296,p2pkh
s1rz0rlhscy53cjhdkxdczxngsu986a730,wallet_296,p2pkh
s1sk9c2aype4ep88z9p8rt5dn08h904zzz,wallet_296,p2pkh
sy1q7f0cpp8c8qwe70pt0m39fn7jfrquxu8r3wnash,wallet_297,p2wpkh
sy1qzsjjjnwpxvfhsumwtw926vsydv0a55j68qqqn9,wallet_297,p2wpkh
s1d4rlregzkdyyjsnky9n7p7evt7p2vvj8,wallet_298,p2pkh
s1r9calnujj3nuudnzl2ghqfkx6dsv8c42,wallet_298,p2pkh
s1xe328merpmhkrg003h3tr095rcfjaezm,wallet_298,p2pkh
sy1qjy0aapuu4wujxerm3fs26tgpcqzq2gyp4k4k99,wallet_298,p2wpkh
sy1qjgfmwlfjfvps53wfecs5uk6npmd6wwg0035fmn,wallet_299,p2wpkh
sy1qk8evvwudfs00cvahdhfcl495hw4qmj4ufu7pzv,wallet_299,p2wpkh
sy1qr7z4s9mtpu2m2myrmpv3ffunmzjw2g3hs38lup,wallet_299,p2wpkh
sy1qwdjn86rhwfx55863vsfe0ardcd5yntwqce8p2w,wallet_299,p2wpkh
sy1p4fa9dsrnvhelj3km6rnnlntghncrrymrpgk6nzepsmt8ul8lt0stfpu8s3,wallet_300,p2tr
sy1plxxrhcultnz6dvgv3tejwn0edquwp8xl3dk2qshwqjjll9l8j89c66s65d,wallet_300,p2tr
sy1pmky6tx4ltlpt59vuuug3k4tnsvygwll64gzslndac47ev4dayffgkn004z,wallet_300,p2tr
sy1psqdy22dgdqx3u4393swa95erlzdle75vl5dwp406cltqsa06wtzh88zg9r,wallet_300,p2tr
sy1pz58a2tfdaywp4nduhwnf4nldvsgjkt0enw9aae3p6tyzje58ejsls338x2,wallet_301,p2tr
sy1qejtvdan3d25ccnusey0cpur4zr6umhzpetqjqk,wallet_301,p2wpkh
sy1qy3fd2f8kprj6qvfedfkpd5jd6tnpg94d7drnhk,wallet_301,p2wpkh
sy1q0usulfsvd09dwsaty2yg9wlad7gtmqrppx4yy9,wallet_302,p2wpkh
sy1q5jdn800v5hzw958avkxrcl2ccxvlxw5vwc2uqr,wallet_302,p2wpkh
sy1quextgtwtt4y4hmqmxazu8xfn7zd5mvww6fn0ua,wallet_302,p2wpkh
sy1q65lskk585k603nez7uajs7ay7d82hf9tt5gw0x,wallet_303,p2wpkh
sy1qj9c3tjp5xy2zyuxn87glqd24y48ue7hahw4uym,wallet_303,p2wpkh
sy1qzf47g3xu5kfj67spulmwp5uknmcgdze9wfj7vf,wallet_303,p2wpkh
s14yuet8ecmyapv6rugehuvjmj6m3twygt,wallet_304,p2pkh
s1522lu9dzdzy5rae8fxctq482tkxqesug,wallet_304,p2pkh
s1wagrp0qdpgtmmeayuqhgjctdr5u2572q,wallet_304,p2pkh
s1ynauerxpq6zecftnd7yxfsjry0w9q89d,wallet_304,p2pkh
sy1q00qdkz3kdedww7jgeewhgwjcpwmp2fpj3j08ye,wallet_305,p2wpkh
sy1q6tev08ptht8pdsgxlqmf0ah5kdtzwurs207vfz,wallet_305,p2wpkh
sy1q764tm2as6lnd3fp6rmdmxgchf89uzf9chty5yn,wallet_305,p2wpkh
sy1qgyjetz4a34n0nx7693l7cruhpj6kwdswh4u438,wallet_305,p2wpkh
sy1p6tpqkfak27wcvsuy4xnxxe4pk9vh0f5vunh6jdm5q48z2afg3a76z9trha,wallet_306,p2tr
sy1pm33k56sgfmxfhd63mm9zsqmzew5x5uykh7lxe7pfkmcke8dh4nku0dz8vz,wallet_306,p2tr
sy1pnnjahkns92emxvktx3lyy9f9kx0wsq6sz2lzwmvj8hqmne3gtvswxtg48d,wallet_306,p2tr
s35deeqc25skwzuwcr9frnuh8r8axhn9mr,wallet_307,p2sh
s36qar8xxp95vvdxcmwshapaqz6qk7ej7h,wallet_307,p2sh
s3nypajhmdt4648j84532w8jfgqa83qxea,wallet_307,p2sh
s3yah8jt6w3epjvdd7fv3p2230rh4tkcje,wallet_307,p2sh
sy1q4lz5tklvgwkhqa9h2dsjg6qjxqkapg0dhjmmad,wallet_308,p2wpkh
sy1q6sz2j0srv46sl7utj7gs8jxr4szuydjpp75fh5,wallet_308,p2wpkh
sy1qndy803kvvvhzt7fmeev2u2q7ryr0cveph3au3q,wallet_308,p2wpkh
sy1q4zctlm9am4nzqsjfhy00zf7ccpcw6gzj2yteta,wallet_309,p2wpkh
sy1quls3008zaxjvlmj9z63usmj8v0p23al2wqs4vz,wallet_309,p2wpkh
sy1qwlc9eap24fqms2esgcsz0exqrecwh3z9cjwwpe,wallet_309,p2wpkh
s13mgfhenrm9c8fm0ehmxpzzgttk5lz2at,wallet_310,p2pkh
s18xayzekkf0787zp56tadm4m8htce2ud9,wallet_310,p2pkh
s18xkjqmnht27e35canee5486ccvp9l6tg,wallet_310,p2pkh
s1dm2zytczg78kcelwce5tj6phqk0nzu9n,wallet_310,p2pkh
sy1q8k8vss5zpuc9908g0zlgk5sdlrq09epvjjxyhx,wallet_311,p2wpkh
sy1qjyyn3z5euehgvt89tdvzwn3g0afuxlsspq8nez,wallet_311,p2wpkh
sy1qzrgncu8q5r9r4sz5fquc6a8fwhpyvklfl8alhg,wallet_311,p2wpkh
s130axmxxs45gk2j07hek58gw7ax83948f,wallet_312,p2pkh
s147kf0564dv4thq3gh63jv48l2vgh4ek0,wallet_312,p2pkh
s1dhlat9u2tydjzk7dn63ml83p3xur0hlc,wallet_313,p2pkh
sy1p79rlp0vmnfyhq5ve458krrf2ag6fcwpn78leprtekqzggy8pl7ya40g24w,wallet_313,p2tr
sy1qntkc2v7guffufafy4t9m299a99swgqujzzwum0,wallet_313,p2wpkh
sy1ppnd7w4f98wts3456dgca6t9rt04dxn92euyupn8jvl9zpklvewd5eqrecf,wallet_314,p2tr
sy1puj5uy9dm0nspjczeu73p392pxy7qglg5smxgwt3wd4dgfhkpkh6hqrjkvs,wallet_314,p2tr
sy1pzfxgx07hymezca5rx8jpsny5mkl2ye8n2a67gurehpr0cuxtcav5222329,wallet_314,p2tr
sy1pzynuhh95fe3e88njl0jah8wwt2nf34n2ly2lcfr05nel0txml8ek3drndg,wallet_314,p2tr
s1w6xauavkptwjswcfzvtld5j0zmq4ay3s,wallet_315,p2pkh
s1qjtj3m2wgqhgqcjqmysxt2v932jrl5gt,wallet_316,p2pkh
sy1q0ktza4tjud4dvlzmqv98rrh7m7hyyukga6fgrs,wallet_316,p2wpkh
sy1qawwwexjlw67jums9uhw5qr2vqneldeqhqs4t35,wallet_316,p2wpkh
sy1qytdnlv2hremww6x6wg9qfgkvlld2a7a24xenvj,wallet_316,p2wpkh
sy1q6pp2dt9pnczd0xpqw2vd4vxqthlndhkfp5xkyy,wallet_317,p2wpkh
sy1qn83h79z8r8mqv34nq5zd7xtrfzcv5yq83sg40x,wallet_317,p2wpkh
sy1p32vkctwggqg7dgepx9p2n6kka479zc5y6vwmfppaxn99hzsh4en00xm706,wallet_318,p2tr
sy1p7gkms2jmw4zzsyxndxh8ywy6x09rt0z6syg4g2wdrlfvl2hpk382e3p6zq,wallet_318,p2tr
sy1pfe6dzkygjny64j8mnmmas2m62zdx24ljrmjevk379795r64m3ualy25t5w,wallet_318,p2tr
s1ls503g4xd4edpyaa0mcx9acl3z38qnct,wallet_319,p2pkh
s1nenhf5quv9d524q3mp5jrvessl6g8tw7,wallet_319,p2pkh
s1nhmazvrcgd23c28z3a5437ewekuz6esg,wallet_319,p2pkh
sy1q5zhxdqm4pvqw7xkqq8yhdnqjrw2ctc6ulyy9sk,wallet_319,p2wpkh
s1d70q58qapnuqnnhv2gav5dns00eutd72,wallet_320,p2pkh
s1hnq4v86est5mapqumvrze3lf2uh2tlhh,wallet_320,p2pkh
s1mjhtgqqnwlr6x2yqufgfmu7w80pxde20,wallet_320,p2pkh
s33udz9vqz48kn35zj0uvha628mawulk04,wallet_321,p2sh
s3d57785hfa0kncm4dfwdqf2k7k6jgcv4n,wallet_321,p2sh
s3m9kw8r5az9ejl9jdcaf2nafc6ejxgnhy,wallet_321,p2sh
s39fnl40yz5dux86fxvjher5rm27v6hy66,wallet_322,p2sh
s3kz0hwdegdz606ksk0gm3fzg24ck8dlpk,wallet_322,p2sh
s1mnjhde4tlkwdlutt3q5t6n845c8xgv5v,wallet_323,p2pkh
s1nvymyktxfz4ul3sk8lh5wp4pcvtwz4qe,wallet_323,p2pkh
s1yzl0zk7wp3dzvfmp8xkn54f2qy9ekfup,wallet_323,p2pkh
sy1q3vph3trssvfs7gjcrs83575xy5d4vaxajuxzlg,wallet_324,p2wpkh
sy1qggnyyv50adwed5ng4scxt7y0d83h54zvmagsq4,wallet_324,p2wpkh
sy1qjx0mlehja2g95evmtpamd2v4t0ykn75fjm0gwh,wallet_324,p2wpkh
sy1q4v4rtyvt6nqdlmpgckhgcl5vlzuqvsw5v9g94u9kdcyf2v5yhvmewwfklh,wallet_325,p2wsh
sy1quwghmjf6ym9n9hp2zsk9chwj8yp0kjpzvzjzehtjgx7heaycy3cajzftsr,wallet_325,p2wsh
sy1qzwdrlj8jfg4djqtk2eja36zdr7ln8uh5s02sz4mvkm9w2m6jlcu0mwzltt,wallet_325,p2wsh
sy1q5gfvulq4ttsnwt38fecwhxnlh24q4mqsk5jgzc,wallet_326,p2wpkh
sy1qa7zkz6xdc550w8dkvrd98qrz7vrf7k70rjykq5,wallet_326,p2wpkh
sy1ql4vfktdkt54rf9hhtnmgfh9r6ev9eke4p7r2me,wallet_326,p2wpkh
sy1qyxvrm44p7g2wclutvjnzkelev7y7jk24cd0jq0,wallet_326,p2wpkh
sy1q7hjghr5grkpj9f06wzn8lj2jv63su908lphu3c,wallet_327,p2wpkh
sy1qaetzw7hpaw5mx7kw7t2pldczqdsh6mu0prdl7yy4n6cgt0md5f8sr5fmfp,wallet_327,p2wsh
sy1qh2858xp6wazu7jn0j62j323pf3v95k0chyr8cuef65nxkvw4c5l29shgxq,wallet_327,p2wsh
sy1qza0der4s7kg8kk67xup5ejs5j9a64578nkmv4sdyeqjyja8znp2eklgalg,wallet_327,p2wsh
sy1q25wy4jxc3f0xf9tvllwgeljzr3ctec855ag0qr,wallet_328,p2wpkh
sy1q6vkgvfme45s9dtlzc6a9mfd6ws28kjjyh7pu8x,wallet_328,p2wpkh
sy1qaytalv68tgtt0z46pm594nh26ep769ja9u3a79,wallet_328,p2wpkh
sy1qp0j8nlprcmfmstar30ew5c3mauvxanqehe0rwq,wallet_328,p2wpkh
sy1ph0942e37txyx03ma7e4vc2hn3lkhtv3f0wwkrdqpml052zuamushn9fkae,wallet_329,p2tr
sy1ppc0kjrfhnl3y2e4vu8uqdk53rg5s59n2xw3pxxjre8ntqt6v74762lg93d,wallet_329,p2tr
sy1pey9rymgc3gln9egq8afus6trmttxslxz4p47q9vd4nd8708jtn8zv6ckl6,wallet_330,p2tr
sy1pgfwjkwf9ax7h6lf4unnkqfa3ap4ct7jchd2cmlqcvnz23dksq7ac5knf7s,wallet_330,p2tr
sy1py6r927cvc03ksmwqgfwxrdqnq3x07p7duacf80w5jjxfmymx4g6s3tphh5,wallet_330,p2tr
sy1qqwvyhgldrm7p2dcez4laht7x6gzk55w0r28f30,wallet_331,p2wpkh
sy1qrxkpwymxkz8dz83zjmz7ceku4qww6qcf2300pq,wallet_331,p2wpkh
s1fq7qrq0t743rln9mpd285al0p8ua9k9h,wallet_332,p2pkh
s1qrnelewsswmf0mfxn92pwazn6rp9yyaw,wallet_332,p2pkh
s1upresmf8td3gd23ce9yxy9x3djtjzaja,wallet_332,p2pkh
sy1q4rkdjqam9egame04m27s0y2rcvmkekztudzypw,wallet_333,p2wpkh
sy1qsulf3x5vxmd378lkdq0y2el9p8akyy39c6f64j,wallet_333,p2wpkh
sy1qx9a3jjth6at6wrzwlrshmwaexk03np60pg8y0j,wallet_333,p2wpkh
s3pzl20h70zjvktjfawxt58sx3zdwr840w,wallet_334,p2sh
sy1q7clqzx85gg0gqdq8sy577ns7xej3mqss7n0k8z,wallet_334,p2wpkh
sy1qjw27m4ccvyexmmy3t9cv52l523479gz3qtsu9h,wallet_334,p2wpkh
sy1qr7ka08f6nj4gwjv6ltvweaqy546u7pudxx4n3r,wallet_335,p2wpkh
sy1qt4g0cqdngsgg0j6awz2g00gpr5mdgvk37eenge,wallet_335,p2wpkh
sy1qcjpng0fednp6tmu8tj3jug9eu2dndqjqk0nu8l,wallet_336,p2wpkh
sy1qe4e94253l6cdclzvdwemvttq8w7egfjqzcdr6h,wallet_336,p2wpkh
sy1qvf9n4m95ztgw54u8h7akq2z49enws5fj3rxda3,wallet_336,p2wpkh
sy1ph3t2h5ne0ue3heknq4qs3ezdh6yq5xmv7peyv9au6pm0429v99tfvwxev3,wallet_337,p2tr
sy1plpy9326xzpsqlne98u0s4x5ye7q6kg2jad0aq9nq278mdn2275r76pyjcj,wallet_337,p2tr
sy1pyluql7703g7nevevycg30rfqr3w6fdls5uxadvadxy2nwcl0m4vscjhxpy,wallet_337,p2tr
s16gykjyreu0zm7pu0xdmj452303yl3t6w,wallet_338,p2pkh
s1pewnh5qcf23dtte2x80kmp6k5gu6h0my,wallet_338,p2pkh
s1uguxrnffyc72exmg6y8tkatv7aylnaxm,wallet_338,p2pkh
sy1q6gjj5xv54eyhwj9hgjg7y93c782476v0c45t7hu669xqm53djudptk476r,wallet_339,p2wsh
sy1qz846yk0huutc9w8fgaveyas53fx9wq5n2tv6gk,wallet_339,p2wpkh
sy1qzlqq0rmf4ujr8zlet6z0gzkxrxzjhzxgs5j93z,wallet_339,p2wpkh
sy1pfwvy2en9h96dyeckkh86k9xy0x83nmty6mmtddlv8wp6u9g622sahx5eag,wallet_340,p2tr
sy1pk7kefj8s390jshfhhl8afy6csgqql0qhv2lnyna89sacnl5rq2xd562skd,wallet_340,p2tr
sy1pscupnc9jk64gr3my6hsjzh7zsdwuxvscr4v7unrlmrc7qtecxsq6vcpevh,wallet_340,p2tr
sy1pv7pa9ulnxy4tujanhlwasn88q9y3gdsc8gyvykej4vtkqv2y0htqymruxk,wallet_340,p2tr
sy1q283nr5zkf93vf2r3djxsyhn829r26wy5fuparj,wallet_341,p2wpkh
sy1q8rj9jp38cpl7sjj6dlfhqdqc3x2sumxfcyahgg,wallet_341,p2wpkh
sy1qmznz9hka5jchdact00nmep9qdns3d38uhat4df,wallet_341,p2wpkh
sy1qu2estzxw4ttjfnaju05vvkzus8lynsmsljq5t9,wallet_341,p2wpkh
s3w8j8xugajztg50ruqkp4knxel7mfmfrl,wallet_342,p2sh
sy1p6trj0ch4p023h7zqp80ymmht9cm8d5x0vu2c6trxpu06jfyrh6npvx5ck9,wallet_342,p2tr
sy1q6xwehqw97xxav4839se2xtpv5qx3utsec2zxmac58ujs57hj9ktzgq9dk7,wallet_342,p2wsh
sy1ql9m4eqnlkae9z7uxx9nj7wyeqfwxlflyh825d9,wallet_343,p2wpkh
sy1qlmjacvsu76knz4fftmt770z6hpa6v7jgrq6cxj,wallet_343,p2wpkh
sy1q3k4gse9k5vdszs93d98cktdrsma0uhzhq86fng,wallet_344,p2wpkh
sy1qgpfsnl5pcgf73jfdyhtaglzh3wc75gjyyant65,wallet_344,p2wpkh
sy1q870z2a6nx5fkyvhaclqhmrpr5j68v3es92tqr4,wallet_345,p2wpkh
sy1qgemmq6r0u78ury5pefcpgl5dd7nw2vcstu5vmt,wallet_345,p2wpkh
sy1q0a69pp5n8gp7uh63x2wcr2ev5hlxhgnhfafpfl5xwskrha7kyqv7sam5j0,wallet_346,p2wsh
sy1q2h2pxvmjmf9v7xj4z7rej2dceyj6nau8qn7r0w,wallet_346,p2wpkh
sy1qeetnupvqvc2cu3pnaetrfdmme9gdfefykynrhj,wallet_346,p2wpkh
sy1qxsk5cu42zcnaudxu2x4qpxgdzrjnwct7ru3wt9,wallet_346,p2wpkh
sy1q08jvurchpj8kvnv4ga96unty54ug0rv33emf0c,wallet_347,p2wpkh
sy1qmf22mdt6xfzecm0d6grhk4tfyzlg53rhs0mx58,wallet_347,p2wpkh
sy1qqpmxt03rfqv5xqduqgc8xyxmejvw4pajzjms2g,wallet_347,p2wpkh
sy1qds9hd8s0zec8x8afyyl5av8u2d384ryzzrcxll,wallet_348,p2wpkh
sy1qjsw8lqcxk4s96asjrkuqtetv74kg874m2qnxu6,wallet_348,p2wpkh
sy1qnkugfpqnskr86ejkq5m48h856z8ks7vtuaqjg2,wallet_348,p2wpkh
s35rs9v3z20c5xl0uknm5x49wyp5p6nxyk,wallet_349,p2sh
s3tm4f68n3ga776us6p9u9rwmceq40ex3a,wallet_349,p2sh
sy1qfs7tlv9tw4fycyp68h9evpjm6n00hswfhlzrqm,wallet_350,p2wpkh
s1pu40mq4r8e8xdzxm0l2x6gk730j3d2nj,wallet_351,p2pkh
sy1q2ls2hj27pzzandnf47k583l53hwqgxknvj2g5x,wallet_351,p2wpkh
sy1qzf6g5fn5zl2ms7jdttqcaf0d4a9vmxlg5aluyp,wallet_351,p2wpkh
sy1qzynesd090xckxpc0h20pg9uukjqxecusguahvz,wallet_351,p2wpkh
sy1q6txam74chlyeg27uw5csuuyy08t4er4x9xlp39,wallet_352,p2wpkh
sy1q8q8kxxaa37pt8jxftqd09xzatm39rj6jvkrm3j,wallet_352,p2wpkh
sy1qf6fa64p8zl3xslpy9rqfgtev8c2hn7zvegpur0,wallet_352,p2wpkh
sy1qhvhq8cnflrlqz7dpjmrfuls02flgvdqpegshp0,wallet_352,p2wpkh
sy1qgzpf648e67je5jxqzldcltsck5sqw4tnaw9gdv,wallet_353,p2wpkh
sy1qty2qurw4g3fenqeu7s2jz6347j6ltheancm0fh,wallet_353,p2wpkh
sy1qwr3xdp0und20js46z6sym3mn6cf66vgxyl25sd,wallet_353,p2wpkh
sy1p3uzwahhy5j2k9l3dpv2aechzvm6rghjqrehgf5enckjtp2x566lc5ajlwg,wallet_354,p2tr
sy1pdey5xnhhd5qkj0cgu3asnesgk90t4jqcfzp7udt0qu5h3vx628np7dznq6,wallet_354,p2tr
sy1pmz2hn4n420rjtz4f86czmml80knkdt7hs8xy0rzdhkzk0wskvrcmcku4pf,wallet_354,p2tr
sy1q09dzt9fdtj4w2sd0qaldv4urjnupdre95r9jj9,wallet_355,p2wpkh
sy1q3twq6d62a2h59863sxxzf02m3qp60vff9kuael,wallet_355,p2wpkh
sy1qkyj8szlmn5ey09gncczfjpuuehck4mazg639ag,wallet_355,p2wpkh
s13u46ua5pnjxkhh6cvc887d4elpevruug,wallet_356,p2pkh
s3qakst3qnpd25dqwl6x8md9n50gw7wqp7,wallet_356,p2sh
sy1qlz0yxayy9vternjtca6v8f0negl05n4ln85r9s,wallet_356,p2wpkh
s1lxp303nz93rep5648w4drd9cp3ym0knq,wallet_357,p2pkh
sy1q04ck9l77t5ajflysy36aql55m3utdpzev5ujcj,wallet_357,p2wpkh
sy1qkjlqks6jezlqnf8hfgzwcxtjcw6kafntrtpn5n,wallet_357,p2wpkh
sy1quehadas9c4faj5nzymakpsny5hc96d3687cxsv,wallet_357,p2wpkh
sy1q9u90qer6np3933qqh6xdyl4lftsscsl2xz5uyk,wallet_358,p2wpkh
sy1ql0yk2ugy64haaay7qfh7ylryez2jp3xqfud9xs,wallet_358,p2wpkh
sy1q99tc4wvw6crmfg56g5aq9e8xrrz9hwmgygdry8vpe93lvvfyjjgm6cse53,wallet_359,p2wsh
sy1qe934e5chetrh9nr6w2yxru69mlnr6u6trfdmn5e0v82884436lw0a9k8nj,wallet_359,p2wsh
sy1qwvyc4dvhqnza6gm0tvuplh9ugegfcp9d9xy5avhd6x6wfpd324qlqstym3,wallet_359,p2wsh
s39zfff99vgjn40j9fxjrh6gytzmlv2t6h,wallet_360,p2sh
sy1p0yhk6l9a99jegh5l2vnkhpuhd99juvv78n6s305jrfwclgaaus0ek2q7v7,wallet_360,p2tr
sy1pm2f05v82elqv7ydsrv6hla59r5rjvtfmjy3ldmfup2dvhvaw3tnhtkvgcr,wallet_360,p2tr
sy1qdf6lg297pkqjnmd9rcvp7qsmsn0whcjasdy24y,wallet_361,p2wpkh
sy1qmfh359x5dyh0myds8r32kjwypzs6zdj83sxs36,wallet_361,p2wpkh
sy1quagqatknhxhkxft26x4qen2nzl3u470cyphz53,wallet_361,p2wpkh
s12klhpnlnhwppkeysg8du3dpzjjsxz5lp,wallet_362,p2pkh
s173j3kf2yqnxrhvfku4n3pl4wea2mkuys,wallet_362,p2pkh
s1fkmd597dpjrzes2hg3npvn4r98jk6c86,wallet_362,p2pkh
s1h5h5ascg85an35t65p685ruts95z8e37,wallet_362,p2pkh
sy1pk93zmhyx2ruykc526c8hn7rv9lskeak32msyee527ewtr4c259cp08rg7a,wallet_363,p2tr
sy1px253rjfphdvk3372uygf6hpdy4fntnxkk4qmgd57xnj7qf8nv95804ler0,wallet_363,p2tr
s1af43vxdet4zana0pyaqzkr8qp4vsh4mp,wallet_364,p2pkh
sy1q3adl2kgax90p8lca32p80lmes3k5tdyrtum0wj,wallet_364,p2wpkh
sy1qfpzxq47dhlpzqwtfvqwmvj2fzvw0w5ur2ut7dp,wallet_364,p2wpkh
sy1qyhwpycp804uayh4lk0lfe40md0jkl3rhjmjugr,wallet_364,p2wpkh
sy1q6v3h7h0r3sfmssaldrn492w5e8jd4c59zysmsr,wallet_365,p2wpkh
sy1q80w94myr7sdvllu3f46vptsw2gkwpjtja8hlza,wallet_365,p2wpkh
sy1q8s6m353elm2st8famxarswhhwy36vcv5kupnfv,wallet_365,p2wpkh
s3gnfllma8ufqss8lc3efhf9ns7rgtk8z0,wallet_366,p2sh
s3v4y7jx5ttz6sheykwvwk3ql50c3jaj9p,wallet_366,p2sh
sy1q3qvrw29vt6juqnfhvvwjp7z8gqz3sumpa9af97,wallet_367,p2wpkh
sy1qahuye7ewqcwdn5yfyntwmge7n0nfegssg0xdjy,wallet_367,p2wpkh
sy1qcqajk4vk7zdk9sygwr90fxghr6eqyd9yjtreea,wallet_367,p2wpkh
sy1qgj4m5fr8v4r8t3cnuxcqcqn6um9l2ekpc8drr4,wallet_367,p2wpkh
s3ffnmtpgz66suzzkwkxj0el5znyl34mzr,wallet_368,p2sh
s3k83t7vtkv5j3gtv77fhp622093yue4kg,wallet_368,p2sh
s3p4spedtvnjk99e004q2hg70wht36c8dv,wallet_368,p2sh
sy1qrhp7u0e52jnl334zkza2pmut3yhwhgmfthyy34,wallet_368,p2wpkh
s3ardm2zrmwthfjs9ltz3vaq57canvuev6,wallet_369,p2sh
s3nqfdvevkz5qlmd8gp00p877yj2ce2jsh,wallet_369,p2sh
s3znz6aeudffpq0asvs9sj2dze8pjgex90,wallet_369,p2sh
s10rxfffpqxts3ejswvks7sh3lgvdjd4mq,wallet_370,p2pkh
s13xsxp7uk4nxxms7t7dtrkxfq4lwq0gt0,wallet_370,p2pkh
s1ad4qlnvrms4eu3z0086xn084j08v5led,wallet_370,p2pkh
s1ffcqkt8vw7w7dxnufnlg90pkg8femyuz,wallet_370,p2pkh
sy1q3qfd2pauq46s2v07s2re27lv3ws0fcywydheen,wallet_371,p2wpkh
sy1q4z2wasjayqmyr0ekt0nucnuqjqzd609dzut4mw,wallet_371,p2wpkh
sy1qak2nsxqwdfq6ufe9fyqdcuhg2ztz0jyqydhjca,wallet_371,p2wpkh
sy1qx7fpakd6x34jvde6g7pw506adqf22n48jgfkwn,wallet_371,p2wpkh
sy1qgx7xgk47hlnntwgug07dz0xp3j66y9rajuh8jf,wallet_372,p2wpkh
sy1qs25ryqsaws0suwr3ht6leya4hxye2tx52k26jz,wallet_372,p2wpkh
sy1qw6d7sxlpcztauzae66jsend6p2ews9hwgtnrlm,wallet_372,p2wpkh
sy1p057hxh2juxeq6a8epyf4773xhvd7slz803r6pmrdxdjj4hkjutc2hjy93r,wallet_373,p2tr
sy1p2v5qutc4x4nkl0p85ks2xaaxatda26ax0njwgunypysdudqmwgxf3s37fs,wallet_373,p2tr
sy1pq255t6kq8zy9vy4hd7tcyjru5n2tz4yj57cs9y5lc6ra0nc2juv2aedts8,wallet_373,p2tr
sy1pyxdcacrxn9f3zvl6yjenv6fhgpwazux70pjkmdn32xwc333fetpl7gkpph,wallet_373,p2tr
s389lny608jamdchkpznkqx4c2guj3aa6x,wallet_374,p2sh
s3mv54pa9ejq3kpe5yxrprsgazrny7n8wd,wallet_374,p2sh
s3vpgdhwm947sxydhfreqdk6xch3c33f95,wallet_374,p2sh
sy1p3t8zguhh6gh86xg9yy0y5qvgrrrcwtu05g6k94859ta6w5lkmx55wjadwu,wallet_375,p2tr
sy1pfq24w39cadsdlr6psl5pzsa6lz93xnhn0z5hyapfx30cg8jlntkpd4ddty,wallet_375,p2tr
sy1pslkxhnxlaqre45w5ja4ytycy6egnnudu65sc85tsrd8dfhu69nqzzcwuaq,wallet_375,p2tr
sy1puw2ly0srqs0j6uxexkznnfu5qgwrgju97zy0v6rmx8jpqy6wtqzqjc7uxf,wallet_375,p2tr
sy1q4uk7vcwpqwdmqmzyzyhlgm8fj8p8l7ntsq88m0,wallet_376,p2wpkh
sy1qw5kvylxld2gnla55tk0c0l0p6ydfca7swazay0,wallet_376,p2wpkh
sy1qzkjfch42de6da93sgaga83hq46whv2fxycjvxv,wallet_376,p2wpkh
sy1pgg4ljhde45qzhuknxxnejga95kcgs7qcl9dz2y09g6l6q9pzvc3haa7ece,wallet_377,p2tr
sy1phjsslq5e7hhtkfcs3kz3h4w5xf34pxgpa35f4ycaglmn5eekfym29zjeqn,wallet_377,p2tr
sy1p58vws60hfs55cys7k29f4d4mj8vjrva8j4ylekc44t0ppyeqjjhfas0lmc,wallet_378,p2tr
sy1p83qwlygxyqlusa4dwyzaye2ftdgd07crz7smn7uqmya7u7nanyzwujd00a,wallet_378,p2tr
sy1pwyrjsqgccux77qpqk8f6f4m7y9luykf92d28en95txeywedde0kqw37h6n,wallet_378,p2tr
sy1pzqafq9dh08fw5padzwyu7rvpqwuwfwudpxv43j4agsvx456wr6k4vfzht9,wallet_378,p2tr
s3t7msdcmjl3nzwegyxpa5gcffsx9afw3f,wallet_379,p2sh
sy1p0040zt2w8kcg037ypjte5v3j67uz54he6e73np6phyt8xhrxeyykc4qt3u,wallet_379,p2tr
sy1pl4rwdcrn6f2yvyfv4au38fm79cj3u4rrc4tz4z4x8g7d6saz63gmtm20s0,wallet_379,p2tr
sy1ptuy6gcz4rny5x3maaged6car78k027gh4a75scszu2ut606nyjn9ma3jqy,wallet_379,p2tr
s1qgmtkwn64jnfsa6kp6u9lv3p884dak45,wallet_380,p2pkh
sy1q557ujjl6cfcgjm8w2rmrjkdyaqjpddleveh57cmqrhyxm0wayureg3mwsl,wallet_380,p2wsh
sy1qw8q2hgk6uqv5jvlha9duklnwjm78kvmvdwvl243vv63p3nc6saqu9xp3qc,wallet_380,p2wsh
sy1q4erhgdvpc4tvm6xygtr8kuqn3wenwqnxwk5hda227wa327e9j3e9vzguuy,wallet_381,p2wsh
sy1q6txqu583vaammh009hxzx3vcgw7kpfztf8e8paqqkc2trp40780jfcd7tf,wallet_381,p2wsh
sy1qjk7hc9chyx0ywnxlqw22jakadgmc5mrwhyj4mxa8shp9dufctcx5kr09k6,wallet_381,p2wsh
sy1qvtls304k5ax8v0w4txaxuyujfer5s04e47fzfejd208hysplmnysaq9c4h,wallet_381,p2wsh
s16294xw8hcqxhzew3gn4r7pkrk95qj2ze,wallet_382,p2pkh
sy1qhg0lupg8clmcjcpwn7qvqt85kzzwmp2hf3jef7,wallet_382,p2wpkh
sy1qn5cyxsv8l84vcrqmeyp03dfudeaae5hfgxpveq,wallet_382,p2wpkh
sy1qq3wyc837xwlutprcwlpcvmp3zcfpcz35h6cpf3,wallet_382,p2wpkh
s15qhdgq0t906shapqy4h37h9vcp60n9nc,wallet_383,p2pkh
s1nc88fwdydcz5rpxy8nvf04vehtjy6gp6,wallet_383,p2pkh
sy1pe4czm7w7u3d5cca2evragkc4nswk8pcfyamw0plvmxtl8u0xtrf5758s2c,wallet_384,p2tr
sy1pk8ars0hrh6e8a9z0xxjsd5zrm0mqzd8mfwe2a6c7sytf3rquwpd8c0rdz8,wallet_384,p2tr
sy1pl48cng83vevup33drpgcg9z40dvwkau763u3y4ulkvw88xxuuj79j88yym,wallet_384,p2tr
sy1pnrr702wvhzuqv9dfqd3rk3krlwe67ws3mss5zkvdldafp4g6l6fzhm940u,wallet_384,p2tr
sy1pncwjepegvqyfkaz55teykusnva7skeexm6zvl0aq83ng0sfaq6yn2vqy5n,wallet_385,p2tr
sy1pytu7fvwad8e9zjmnzmce9x2jhrghpzjc35jzuq2y6j0cadsf4fuhq6a0mh,wallet_385,p2tr
sy1pzg7a76u4zvfc0f429ulatk4su3rszauttclwumhths42q226gtg72jc32f,wallet_385,p2tr
sy1q5vxegqvd9cxrncdx7eel5xmtam2sg4u2gz3z2p,wallet_385,p2wpkh
s3636cw4wswngl7elxuk78efgn6leh79v8,wallet_386,p2sh
s36rzs0ltxv7rtsjjnwt4e4mt9czxyw8yf,wallet_386,p2sh
s3r2qyzw0zp7zqvy94d6qlch7j37mtn66u,wallet_386,p2sh
s3rtpv3wstwpzwu8swgg0pj77pyn8av78u,wallet_386,p2sh
s1nuhsyuelr0pmathx2wf2vqh0u3wj9w0h,wallet_387,p2pkh
sy1q5qfr8kmx2mpk09e30tp9flsh6dy9xm8fsmpmcny59cpn6h35tat7fyhcnv,wallet_387,p2wsh
sy1q7jfxhe8huxrgy6fz5dfvzq9dat57ys9t3gkr9p6yg5kdmykat4z6lzm8ss,wallet_387,p2wsh
sy1q7m0292juwvjg78kfz6ej5qf0pnlwdt5jk65whrxkluwy836zq5deca7a6a,wallet_387,p2wsh
s15vwvy8mhrp4heht66wlzayd4pcpk8m5r,wallet_388,p2pkh
s1n27xg897zndaun4zan4kv6wvl36vt5jy,wallet_388,p2pkh
s182xct96em0azgddrsr36rptcplnm54az,wallet_389,p2pkh
s1859uwuxx5jr86dwn9nwg6pv8lj3nmay0,wallet_389,p2pkh
s1eqfvczpj4h8tstm6nu2g5fwhsfcnzgry,wallet_389,p2pkh
s39wnddjsn64adjrjlhqse9wtgvfmj97ur,wallet_389,p2sh
sy1q9fnzrgq5vaqnnfnjcen0q0xrtxhnszgwn697rg,wallet_390,p2wpkh
sy1qat7xlyd6e9k042xvd239vaupje525nczg8mtk3,wallet_390,p2wpkh
sy1qp2umnpa8nsxmktxy4nkm5sn27fvkk0rfnl0sea,wallet_390,p2wpkh
sy1qwnzu4gys64d776kndzsjepagy32lyyljgrh6mq,wallet_390,p2wpkh
sy1q6tj0j0q3mspynkfnl07rcwr883yggmh5ks84rk,wallet_391,p2wpkh
sy1qadldh9ktr5g2chd5tu8mr3vsf4excsqvyhask2,wallet_391,p2wpkh
sy1qk9yqzk94gyl6spjljrvk9sjxv3xcnkf9xg6rch,wallet_391,p2wpkh
sy1qq07s5hp3ttfltqrl8gc32nsdvazq05mqtw55zn,wallet_391,p2wpkh
sy1q3r99tmpu6lwz2hkmrxcwzaslvk6eh75f76pg4x,wallet_392,p2wpkh
sy1qlhrgdwuxlwx2jtdkytwnhnq6syncplkwq0lglx,wallet_392,p2wpkh
sy1qls8h8k7svm8qh3zqcmpk76zstw6gymz7v79cvy,wallet_392,p2wpkh
s1qfcqcxpw3vq80sn8lf5954zc0vlh3x5e,wallet_393,p2pkh
s1upqhuphajmws86xujkhlscqat7j5ejh0,wallet_393,p2pkh
s1v7zrmucxrxxh5e9fcfq7e7fnja9u4pe9,wallet_393,p2pkh
s1wpzrtdlqwwsh2eqm5jl55xhfskv4ef50,wallet_393,p2pkh
sy1pav3q0eygl6yfqwj8zlena2qlt9j00puqet72g7vc36ntcewr6w5jmpe93t,wallet_394,p2tr
sy1pmgl20l9gfph7hsl4z00at8h67zu2vgpjv9cd3snh7me7xd4dp5mg5k5lxe,wallet_394,p2tr
sy1psa2tq6ffamc3snehhstvec0r32r4exeen3sgwvfajtwu2q5hrgxjl6ufhe,wallet_394,p2tr
sy1q80kg086e260mhk905ptzqk2sdntrzg2gptlznt,wallet_395,p2wpkh
sy1qg5agvjvz75wmwrdjhdhvyrfhz5c2dfa86tpxz4,wallet_395,p2wpkh
sy1qnkxz3acn4w6vhyyzxwfh3zs43dgcq7cn2hxast,wallet_395,p2wpkh
sy1pgwxuh8nep5fuhyd0dsv4alfxtvwglwxe6uw8k4ay8p8slsxl6tw22at7ev,wallet_396,p2tr
sy1pmpkr92rk53nmk96udv2rtj228pxac3fdkkhe53vvx05652x3ef82qp9sml,wallet_396,p2tr
sy1pyn70n593frdyjlsefc55fpgx333fdkcg2lgerl9p7hy3q7lvx5u9jtg0ur,wallet_396,p2tr
sy1q4mrvk7cn3vrq3ncyk3txlts9dajypl0cq6elsk,wallet_397,p2wpkh
sy1q4text6m53smf3wpu79z354p2rnhvtl7tglcml8,wallet_397,p2wpkh
sy1q569mhherfnhulttgtl3clte3ks79gmpsds50q7,wallet_397,p2wpkh
sy1qusp2xqrryqd2hegarl2gu4wxpagk505a223h0y,wallet_397,p2wpkh
s13u252yl7m2venx66h3yvjz82hp09n378,wallet_398,p2pkh
s14mekeswrt7v4ff7ehzeav3ccf4yu4ehs,wallet_398,p2pkh
s17ctk7k4w66tjtt6v8cpvh0qzn0x6wmjp,wallet_398,p2pkh
sy1q0ws94ywqtn5wfnjqa483p8nr8ev6drq7d5e5l2,wallet_398,p2wpkh
sy1q2eth50ar8k9dd03f0e5nyppgerzflx8r4ynm89juuhafv778he7tqyead9,wallet_399,p2wsh
sy1qnxgev4yr09e5ap3szgh4trmt4j2w7lf9r2tw9e2vsshx8agfzl7k7r2cd0,wallet_399,p2wsh
sy1qpw6tllalwxutn4rvrernqpd6r6qyfnzpksm94nr7stwn3yg29zy864g86s,wallet_399,p2wsh
sy1qqs5qdknm9yqhfu85xphttz4ayznv7yh7w5qp4m742255qvaqrn6vw9h09l,wallet_399,p2wsh
s199r09u5wtjgutwjh6zw6texmzarc6wug,wallet_400,p2pkh
sy1q7pam2r98vfq30l2zguye5ftwra6ckry6w4z2su,wallet_400,p2wpkh
s10mahgypg0q9rwsn369zke620x7znd7fu,wallet_401,p2pkh
s1qare6u48wnrwchgc4w36k25c3x2vmlcg,wallet_401,p2pkh
s1whwq7eu6k5yf5gfmyhfrq4gvhdg6e9fq,wallet_401,p2pkh
s3epcvnkyjujv7mr288refl5n6l6uvdlm3,wallet_402,p2sh
s3q0dxpmdyk0n2ty5wt67jxazhwh26zx4j,wallet_402,p2sh
s3xjwfyp7wg4v52re0pz0e2dpxk52dzukm,wallet_402,p2sh
s1rkx07qvehxraws6g07hnan3ysw40lfg9,wallet_403,p2pkh
sy1q5uclyqly8wyh04uflt9e73g2tg5jwwhr5pt5e9,wallet_403,p2wpkh
sy1qmux6uf8xy8x7npnumhmflzx20m7wvxqfkg3hwv,wallet_403,p2wpkh
sy1qwtkx2853q3w3ugyd4zczcq56xa2z53umu52ntk,wallet_403,p2wpkh
s3fkaznx0lk8rclfrs8nnzwfgyyprwu6mj,wallet_404,p2sh
s3kzhd24ksg25mh5maa42v4edcxa502m5n,wallet_404,p2sh
s3p5rlkylcezwkdfkc3v0rxnsr8hpuz8dw,wallet_404,p2sh
sy1q5hr3vxqft4uvryq6k7uka2djnq4z8jzwlzan20,wallet_404,p2wpkh
s10q8pmracjr897vfeks8v5wkd96q03l63,wallet_405,p2pkh
s36yf8lm03fqhany80zkt9avplf60cs373,wallet_405,p2sh
s3znwc35ep3y2r5hk3mrj3ws6vm53l25pj,wallet_405,p2sh
s10088p3lssztnvv2fplsawuly0jrst6ah,wallet_406,p2pkh
s1fc0zc59qm8gwsny4y93pppatkyhz8kj0,wallet_406,p2pkh
sy1pdlaswpwcx3chxa323mawxd35k7z0xj8387zw6j492t00r0ugq74039gsdv,wallet_406,p2tr
sy1q036a5jfn898drxdyysxwaxytauxu39h48d9vk3hn20p7yv42928d0rujnx,wallet_407,p2wsh
sy1ql2a98duuqcphjl7chdav8zp58l6sf36j82g795j6gvhdmr3m0cqd0jufyy,wallet_407,p2wsh
sy1qlmpdu8k86qs0ye69qdzz8lr68y5jg9kye3fm7q3494tkzvxt0nxxtsf3g0,wallet_407,p2wsh
sy1qzzq77zldf4qkt7482l3pvksudut9j9k5chayw63jhju4jx5vhhxav4j0k8,wallet_407,p2wsh
sy1qgwj4m6lrhawwtxwhflvz383l5h5qa36yqyr69v,wallet_408,p2wpkh
sy1qtu6e52q4ntgsvntwm5lsqnfklq3a4mejfrrnej,wallet_408,p2wpkh
s1qgglrxt78z6qlw85qe4my270cmevxnv3,wallet_409,p2pkh
s1s2zeydh5qjpkxpv7wcxmpnyprx9zue82,wallet_409,p2pkh
sy1pmy9tqahucaap7sm82fg5ergll8j0u2wrtdv3mkwzplgtvgy6czydpjtx8t,wallet_410,p2tr
sy1pzmkpjwjzafz8gq9wk5y44h000ape47sly0fmwgsvr6ysadae5c96alr25e,wallet_410,p2tr
