wallet_address,anomaly_score,anomaly_prediction
wallet_001,0.363548,Normal
wallet_002,0.671791,Anomalous
wallet_003,0.399085,Normal
wallet_004,0.368562,Normal
wallet_005,0.475552,Normal
wallet_006,0.369513,Normal
wallet_007,0.362378,Normal
wallet_008,0.363048,Normal
wallet_009,0.415415,Normal
wallet_010,0.369902,Normal
wallet_011,0.384551,Normal
wallet_012,0.462402,Normal
wallet_013,0.362114,Normal
wallet_014,0.452463,Normal
wallet_015,0.420335,Normal
wallet_016,0.388597,Normal
wallet_017,0.384431,Normal
wallet_018,0.386811,Normal
wallet_019,0.440311,Normal
wallet_020,0.396705,Normal
wallet_021,0.380271,Normal
wallet_022,0.580304,Anomalous
wallet_023,0.364086,Normal
wallet_024,0.432731,Normal
wallet_025,0.391343,Normal
wallet_026,0.475536,Normal
wallet_027,0.357806,Normal
wallet_028,0.439314,Normal
wallet_029,0.396018,Normal
wallet_030,0.375522,Normal
wallet_031,0.434742,Normal
wallet_032,0.393422,Normal
wallet_033,0.517713,Anomalous
wallet_034,0.439135,Normal
wallet_035,0.548871,Anomalous
wallet_036,0.359363,Normal
wallet_037,0.383551,Normal
wallet_038,0.382065,Normal
wallet_039,0.384701,Normal
wallet_040,0.381901,Normal
wallet_041,0.406855,Normal
wallet_042,0.379777,Normal
wallet_043,0.416523,Normal
wallet_044,0.482383,Normal
wallet_045,0.414429,Normal
wallet_046,0.381077,Normal
wallet_047,0.452586,Normal
wallet_048,0.381306,Normal
wallet_049,0.439178,Normal
wallet_050,0.374317,Normal
wallet_051,0.409445,Normal
wallet_052,0.354042,Normal
wallet_053,0.552405,Anomalous
wallet_054,0.388741,Normal
wallet_055,0.367857,Normal
wallet_056,0.373706,Normal
wallet_057,0.425667,Normal
wallet_058,0.44954,Normal
wallet_059,0.363056,Normal
wallet_060,0.510143,Anomalous
wallet_061,0.387628,Normal
wallet_062,0.40706,Normal
wallet_063,0.395561,Normal
wallet_064,0.392788,Normal
wallet_065,0.409633,Normal
wallet_066,0.476939,Normal
wallet_067,0.54444,Anomalous
wallet_068,0.523126,Anomalous
wallet_069,0.428758,Normal
wallet_070,0.369168,Normal
wallet_071,0.348638,Normal
wallet_072,0.429743,Normal
wallet_073,0.401791,Normal
wallet_074,0.362375,Normal
wallet_075,0.519761,Anomalous
wallet_076,0.381515,Normal
wallet_077,0.432349,Normal
wallet_078,0.463294,Normal
wallet_079,0.43912,Normal
wallet_080,0.472829,Normal
wallet_081,0.514689,Anomalous
wallet_082,0.370588,Normal
wallet_083,0.470824,Normal
wallet_084,0.482132,Normal
wallet_085,0.386911,Normal
wallet_086,0.375179,Normal
wallet_087,0.465928,Normal
wallet_088,0.366689,Normal
wallet_089,0.418322,Normal
wallet_090,0.364003,Normal
wallet_091,0.417444,Normal
wallet_092,0.459791,Normal
wallet_093,0.398275,Normal
wallet_094,0.375455,Normal
wallet_095,0.373939,Normal
wallet_096,0.458974,Normal
wallet_097,0.386652,Normal
wallet_098,0.52148,Anomalous
wallet_099,0.371606,Normal
wallet_100,0.48502,Normal
wallet_101,0.507366,Anomalous
wallet_102,0.397207,Normal
wallet_103,0.503835,Anomalous
wallet_104,0.44382,Normal
wallet_105,0.380712,Normal
wallet_106,0.468479,Normal
wallet_107,0.508116,Anomalous
wallet_108,0.53751,Anomalous
wallet_109,0.37949,Normal
wallet_110,0.389508,Normal
wallet_111,0.376793,Normal
wallet_112,0.361472,Normal
wallet_113,0.40924,Normal
wallet_114,0.458643,Normal
wallet_115,0.430215,Normal
wallet_116,0.38476,Normal
wallet_117,0.402808,Normal
wallet_118,0.373063,Normal
wallet_119,0.387682,Normal
wallet_120,0.43143,Normal
wallet_121,0.364126,Normal
wallet_122,0.359,Normal
wallet_123,0.376591,Normal
wallet_124,0.358987,Normal
wallet_125,0.492975,Anomalous
wallet_126,0.371908,Normal
wallet_127,0.409283,Normal
wallet_128,0.36563,Normal
wallet_129,0.429796,Normal
wallet_130,0.400556,Normal
wallet_131,0.395862,Normal
wallet_132,0.362643,Normal
wallet_133,0.410638,Normal
wallet_134,0.47931,Normal
wallet_135,0.430968,Normal
wallet_136,0.489156,Normal
wallet_137,0.369667,Normal
wallet_138,0.449889,Normal
wallet_139,0.388506,Normal
wallet_140,0.431035,Normal
wallet_141,0.475799,Normal
wallet_142,0.429362,Normal
wallet_143,0.367403,Normal
wallet_144,0.47162,Normal
wallet_145,0.375376,Normal
wallet_146,0.756726,Anomalous
wallet_147,0.429143,Normal
wallet_148,0.426401,Normal
wallet_149,0.371475,Normal
wallet_150,0.48323,Normal
wallet_151,0.378719,Normal
wallet_152,0.754171,Anomalous
wallet_153,0.416329,Normal
wallet_154,0.461348,Normal
wallet_155,0.478885,Normal
wallet_156,0.378811,Normal
wallet_157,0.491561,Anomalous
wallet_158,0.371213,Normal
wallet_159,0.429475,Normal
wallet_160,0.400052,Normal
wallet_161,0.39875,Normal
wallet_162,0.368347,Normal
wallet_163,0.364932,Normal
wallet_164,0.376368,Normal
wallet_165,0.5164,Anomalous
wallet_166,0.372909,Normal
wallet_167,0.384158,Normal
wallet_168,0.371111,Normal
wallet_169,0.593144,Anomalous
wallet_170,0.436998,Normal
wallet_171,0.43527,Normal
wallet_172,0.460839,Normal
wallet_173,0.572589,Anomalous
wallet_174,0.35091,Normal
wallet_175,0.562404,Anomalous
wallet_176,0.405032,Normal
wallet_177,0.37617,Normal
wallet_178,0.494669,Anomalous
wallet_179,0.356947,Normal
wallet_180,0.485929,Normal
wallet_181,0.378415,Normal
wallet_182,0.37935,Normal
wallet_183,0.412334,Normal
wallet_184,0.371172,Normal
wallet_185,0.552232,Anomalous
wallet_186,0.387895,Normal
wallet_187,0.367114,Normal
wallet_188,0.416577,Normal
wallet_189,0.371611,Normal
wallet_190,0.378922,Normal
wallet_191,0.428677,Normal
wallet_192,0.363936,Normal
wallet_193,0.359612,Normal
wallet_194,0.359724,Normal
wallet_195,0.361886,Normal
wallet_196,0.397233,Normal
wallet_197,0.372234,Normal
wallet_198,0.377453,Normal
wallet_199,0.4188,Normal
wallet_200,0.451644,Normal
wallet_201,0.368499,Normal
wallet_202,0.379813,Normal
wallet_203,0.46711,Normal
wallet_204,0.558526,Anomalous
wallet_205,0.443043,Normal
wallet_206,0.441956,Normal
wallet_207,0.579672,Anomalous
wallet_208,0.375288,Normal
wallet_209,0.389959,Normal
wallet_210,0.409007,Normal
wallet_211,0.454017,Normal
wallet_212,0.37719,Normal
wallet_213,0.444388,Normal
wallet_214,0.44573,Normal
wallet_215,0.405923,Normal
wallet_216,0.375131,Normal
wallet_217,0.383165,Normal
wallet_218,0.391644,Normal
wallet_219,0.360405,Normal
wallet_220,0.370921,Normal
wallet_221,0.365041,Normal
wallet_222,0.55595,Anomalous
wallet_223,0.468714,Normal
wallet_224,0.39072,Normal
wallet_225,0.381643,Normal
wallet_226,0.464983,Normal
wallet_227,0.357011,Normal
wallet_228,0.517028,Anomalous
wallet_229,0.361488,Normal
wallet_230,0.364034,Normal
wallet_231,0.396317,Normal
wallet_232,0.390992,Normal
wallet_233,0.41496,Normal
wallet_234,0.38455,Normal
wallet_235,0.413166,Normal
wallet_236,0.485262,Normal
wallet_237,0.407601,Normal
wallet_238,0.467851,Normal
wallet_239,0.364241,Normal
wallet_240,0.425424,Normal
wallet_241,0.359522,Normal
wallet_242,0.368919,Normal
wallet_243,0.38081,Normal
wallet_244,0.361001,Normal
wallet_245,0.558668,Anomalous
wallet_246,0.42269,Normal
wallet_247,0.453239,Normal
wallet_248,0.536589,Anomalous
wallet_249,0.400806,Normal
wallet_250,0.445845,Normal
wallet_251,0.387644,Normal
wallet_252,0.367355,Normal
wallet_253,0.386238,Normal
wallet_254,0.359988,Normal
wallet_255,0.390632,Normal
wallet_256,0.434529,Normal
wallet_257,0.375023,Normal
wallet_258,0.406655,Normal
wallet_259,0.430068,Normal
wallet_260,0.366158,Normal
wallet_261,0.359175,Normal
wallet_262,0.4077,Normal
wallet_263,0.369357,Normal
wallet_264,0.533431,Anomalous
wallet_265,0.394727,Normal
wallet_266,0.402389,Normal
wallet_267,0.37859,Normal
wallet_268,0.464622,Normal
wallet_269,0.375998,Normal
wallet_270,0.361948,Normal
wallet_271,0.358849,Normal
wallet_272,0.391945,Normal
wallet_273,0.502416,Anomalous
wallet_274,0.361311,Normal
wallet_275,0.399033,Normal
wallet_276,0.45708,Normal
wallet_277,0.359433,Normal
wallet_278,0.371031,Normal
wallet_279,0.395919,Normal
wallet_280,0.384633,Normal
wallet_281,0.412804,Normal
wallet_282,0.377851,Normal
wallet_283,0.422296,Normal
wallet_284,0.407583,Normal
wallet_285,0.453397,Normal
wallet_286,0.369362,Normal
wallet_287,0.357733,Normal
wallet_288,0.491326,Normal
wallet_289,0.428222,Normal
wallet_290,0.496548,Anomalous
wallet_291,0.430152,Normal
wallet_292,0.377279,Normal
wallet_293,0.507848,Anomalous
wallet_294,0.36213,Normal
wallet_295,0.371854,Normal
wallet_296,0.579575,Anomalous
wallet_297,0.375145,Normal
wallet_298,0.370994,Normal
wallet_299,0.405826,Normal
wallet_300,0.383473,Normal
wallet_301,0.408655,Normal
wallet_302,0.435573,Normal
wallet_303,0.411958,Normal
wallet_304,0.360677,Normal
wallet_305,0.45295,Normal
wallet_306,0.466273,Normal
wallet_307,0.370954,Normal
wallet_308,0.409062,Normal
wallet_309,0.370637,Normal
wallet_310,0.428698,Normal
wallet_311,0.438969,Normal
wallet_312,0.435029,Normal
wallet_313,0.378612,Normal
wallet_314,0.364234,Normal
wallet_315,0.47342,Normal
wallet_316,0.378065,Normal
wallet_317,0.518364,Anomalous
wallet_318,0.400377,Normal
wallet_319,0.416874,Normal
wallet_320,0.375445,Normal
wallet_321,0.373671,Normal
wallet_322,0.437586,Normal
wallet_323,0.416725,Normal
wallet_324,0.392479,Normal
wallet_325,0.463634,Normal
wallet_326,0.473916,Normal
wallet_327,0.482185,Normal
wallet_328,0.42257,Normal
wallet_329,0.415081,Normal
wallet_330,0.370107,Normal
wallet_331,0.382523,Normal
wallet_332,0.382566,Normal
wallet_333,0.425574,Normal
wallet_334,0.361081,Normal
wallet_335,0.354197,Normal
wallet_336,0.450969,Normal
wallet_337,0.447809,Normal
wallet_338,0.393244,Normal
wallet_339,0.433497,Normal
wallet_340,0.374241,Normal
wallet_341,0.471078,Normal
wallet_342,0.378916,Normal
wallet_343,0.404892,Normal
wallet_344,0.550835,Anomalous
wallet_345,0.363427,Normal
wallet_346,0.399652,Normal
wallet_347,0.472851,Normal
wallet_348,0.376807,Normal
wallet_349,0.38598,Normal
wallet_350,0.757751,Anomalous
wallet_351,0.36896,Normal
wallet_352,0.373473,Normal
wallet_353,0.444591,Normal
wallet_354,0.400721,Normal
wallet_355,0.371705,Normal
wallet_356,0.444675,Normal
wallet_357,0.44223,Normal
wallet_358,0.480568,Normal
wallet_359,0.364225,Normal
wallet_360,0.426508,Normal
wallet_361,0.38533,Normal
wallet_362,0.359859,Normal
wallet_363,0.532449,Anomalous
wallet_364,0.399255,Normal
wallet_365,0.395092,Normal
wallet_366,0.37272,Normal
wallet_367,0.376355,Normal
wallet_368,0.391877,Normal
wallet_369,0.595544,Anomalous
wallet_370,0.402767,Normal
wallet_371,0.452084,Normal
wallet_372,0.35664,Normal
wallet_373,0.47101,Normal
wallet_374,0.381263,Normal
wallet_375,0.372127,Normal
wallet_376,0.397752,Normal
wallet_377,0.404106,Normal
wallet_378,0.366493,Normal
wallet_379,0.372855,Normal
wallet_380,0.386719,Normal
wallet_381,0.433066,Normal
wallet_382,0.381399,Normal
wallet_383,0.424425,Normal
wallet_384,0.359079,Normal
wallet_385,0.35506,Normal
wallet_386,0.409509,Normal
wallet_387,0.376509,Normal
wallet_388,0.38796,Normal
wallet_389,0.440142,Normal
wallet_390,0.432358,Normal
wallet_391,0.359539,Normal
wallet_392,0.4016,Normal
wallet_393,0.407664,Normal
wallet_394,0.358702,Normal
wallet_395,0.459724,Normal
wallet_396,0.395928,Normal
wallet_397,0.355323,Normal
wallet_398,0.361754,Normal
wallet_399,0.453987,Normal
wallet_400,0.365267,Normal
wallet_401,0.354908,Normal
wallet_402,0.366575,Normal
wallet_403,0.367289,Normal
wallet_404,0.359384,Normal
wallet_405,0.443464,Normal
wallet_406,0.423316,Normal
wallet_407,0.36773,Normal
wallet_408,0.35756,Normal
wallet_409,0.455874,Normal
wallet_410,0.357363,Normal
