wallet_address,transaction_count,incoming_count,outgoing_count,total_received_btc,total_sent_btc,avg_transaction_amount,time_since_previous_tx,avg_transaction_interval,transaction_frequency,dormancy_duration,activity_burst,incoming_outgoing_ratio,fan_in,fan_out,unique_counterparties,wallet_degree,repeated_connections,hop_distance
wallet_001,29,17,12,1.324749,0.79317,0.073032,118.892222,299.248313,0.083065,1181.368333,2,1.670195,9,7,13,16,5,2.652812
wallet_002,3,3,0,0.130674,0.0,0.043558,4104.054444,2303.668333,0.015627,4104.054444,1,100.0,3,0,3,3,0,3.371638
wallet_003,17,9,8,2.836059,0.256841,0.181935,502.053889,371.75309,0.068594,964.0775,1,11.042082,4,7,10,11,1,2.699267
wallet_004,23,9,14,0.973959,4.315682,0.229984,220.640278,373.62226,0.067156,1295.137222,1,0.225679,6,7,10,13,6,2.924205
wallet_005,8,1,7,0.015418,2.608599,0.328002,0.330278,1044.286825,0.026265,6737.84,2,0.005911,1,7,8,8,0,2.904645
wallet_006,26,16,10,1.369946,0.404329,0.068241,166.490833,305.431856,0.08172,1200.773611,1,3.388196,7,6,8,13,5,2.963325
wallet_007,28,12,16,0.872305,3.179504,0.144707,108.867778,288.827366,0.086172,1331.471944,1,0.274352,7,10,12,17,6,2.572127
wallet_008,22,15,7,1.250908,4.111382,0.24374,93.893056,377.396415,0.066622,1139.971389,2,0.304255,7,7,12,14,5,2.682152
wallet_009,8,4,4,0.686648,0.598358,0.160626,749.900278,815.85369,0.033619,2627.941944,1,1.147554,4,4,7,8,1,2.99511
wallet_010,25,10,15,1.196666,1.255946,0.098104,148.870556,354.026111,0.070616,1177.847222,1,0.952801,9,12,17,21,5,2.584352
wallet_011,15,7,8,0.403531,3.229447,0.242199,192.691944,603.677063,0.042596,1321.845556,1,0.124954,7,8,12,15,3,2.855746
wallet_012,2,1,1,5.108752,4.986751,5.047752,0.271667,0.271667,48.0,0.271667,2,1.024465,1,1,2,2,0,3.667482
wallet_013,23,11,12,0.686911,3.164509,0.167453,164.180556,346.231806,0.072469,1014.066111,1,0.217067,6,9,11,15,6,2.579462
wallet_014,11,4,7,0.440984,4.248205,0.42629,2063.012778,793.298806,0.033279,2063.012778,1,0.103805,4,6,10,10,1,2.665037
wallet_015,35,13,22,8.148002,1.113423,0.264612,79.810278,216.707508,0.114006,1267.764444,1,7.317972,11,11,15,22,7,2.748166
wallet_016,50,22,28,1.663994,1.353265,0.060345,96.081111,175.446814,0.139585,783.181389,1,1.229614,7,8,11,15,4,2.577017
wallet_017,14,5,9,0.376416,0.563869,0.067163,1030.455278,513.601175,0.050323,1249.6475,1,0.667559,3,6,8,9,3,2.723716
wallet_018,22,12,10,4.955216,6.730987,0.531191,41.530556,397.568333,0.063242,1525.909444,1,0.73618,7,8,14,15,5,2.748166
wallet_019,2,1,1,2.882918,2.83657,2.859744,0.094444,0.094444,48.0,0.094444,2,1.016339,1,1,2,2,0,3.591687
wallet_020,19,6,13,0.142096,6.047168,0.325751,160.070833,465.626574,0.054407,1726.608056,1,0.023498,5,11,13,16,5,2.799511
wallet_021,39,24,15,3.352074,1.049203,0.112853,429.167222,222.845007,0.110532,720.983333,1,3.194877,10,10,16,20,5,2.518337
wallet_022,7,0,7,0.0,2.243881,0.320554,3731.945278,1370.308241,0.020433,3731.945278,1,0.0,0,6,6,6,1,3.176039
wallet_023,20,10,10,3.219847,2.742591,0.298122,62.755556,433.059181,0.058337,1562.117778,1,1.174016,7,8,11,15,4,2.616137
wallet_024,2,1,1,2.081301,2.021238,2.051269,0.180278,0.180278,48.0,0.180278,2,1.029716,1,1,2,2,0,3.711491
wallet_025,13,5,8,0.432068,1.168149,0.123094,206.218611,629.792269,0.041283,2608.606389,1,0.369874,4,6,7,10,3,2.93643
wallet_026,14,13,1,3.283828,3.25099,0.466773,2.4275,0.598269,43.201543,2.4275,4,1.010101,13,1,14,14,0,2.704156
wallet_027,31,16,15,3.520221,1.11626,0.149564,74.353611,268.919806,0.092221,1172.083889,1,3.153585,9,9,14,18,4,2.743276
wallet_028,2,1,1,1.201748,1.166423,1.184086,0.248611,0.248611,48.0,0.248611,2,1.030284,1,1,2,2,0,3.762836
wallet_029,18,9,9,1.604223,1.411769,0.167555,929.691111,444.658922,0.057149,1279.853333,1,1.136322,8,8,15,16,2,2.506112
wallet_030,15,8,7,1.320385,1.001984,0.154825,129.616944,576.064821,0.044638,1519.665833,1,1.31777,6,6,7,12,5,2.779951
wallet_031,2,1,1,1.500386,1.462184,1.481285,0.147222,0.147222,48.0,0.147222,2,1.026127,1,1,2,2,0,3.968215
wallet_032,22,15,7,1.217302,3.146297,0.198345,135.409167,382.480317,0.065736,1404.181389,1,0.3869,5,3,5,8,4,3.061125
wallet_033,13,1,12,4.402557,4.304756,0.669793,0.348333,0.328032,79.260462,0.8325,5,1.022719,1,12,13,13,0,2.728606
wallet_034,39,21,18,11.256108,1.166204,0.318521,92.965,200.668129,0.122748,553.486667,1,9.651916,10,8,14,18,5,2.577017
wallet_035,14,1,13,6.672507,6.65361,0.951865,0.167778,0.250171,103.313973,0.564722,6,1.00284,1,13,14,14,0,2.709046
wallet_036,20,8,12,1.279944,1.008095,0.114402,285.678611,433.460058,0.058283,1088.533889,1,1.269665,6,8,12,14,3,2.542787
wallet_037,43,24,19,2.190243,0.553731,0.063813,154.598056,195.111237,0.125935,1106.788333,1,3.955425,13,10,17,23,6,2.677262
wallet_038,20,8,12,0.298366,2.697589,0.149798,94.59,392.444327,0.064374,1396.835556,1,0.110605,7,12,15,19,5,2.591687
wallet_039,26,17,9,3.342783,0.785363,0.158775,187.990278,310.016078,0.080512,2444.252778,1,4.256352,4,8,11,12,3,2.564792
wallet_040,23,13,10,6.559771,0.923824,0.325374,64.059167,369.504003,0.067904,1197.0275,1,7.100674,8,7,12,15,6,2.706601
wallet_041,50,24,26,2.783318,1.889656,0.093459,27.314167,163.614745,0.14968,978.310278,1,1.472923,11,11,16,22,9,2.515892
wallet_042,39,18,21,1.064728,0.979861,0.052425,402.958056,217.180651,0.113415,716.016667,1,1.086612,9,7,12,16,5,2.669927
wallet_043,41,14,27,1.746329,2.364753,0.10027,310.614444,204.490403,0.120299,744.771389,2,0.738483,6,16,18,22,5,2.454768
wallet_044,2,1,1,4.298352,4.211665,4.255008,0.356667,0.356667,48.0,0.356667,2,1.020583,1,1,2,2,0,4.303178
wallet_045,54,30,24,0.899684,0.731674,0.03021,31.558611,157.231247,0.155521,565.3675,2,1.229625,12,11,17,23,7,2.555012
wallet_046,33,21,12,3.190207,1.303772,0.136181,164.8575,258.96717,0.095572,1039.665278,2,2.446905,13,8,15,21,7,2.713936
wallet_047,58,42,16,4.301062,1.289815,0.096394,196.136389,147.273134,0.165822,742.365833,2,3.334636,15,10,17,25,8,2.723716
wallet_048,22,9,13,0.553891,0.098176,0.029639,67.625556,388.482103,0.064721,1427.948889,1,5.641789,6,10,12,16,4,2.638142
wallet_049,54,29,25,7.845999,6.326901,0.262461,39.539167,162.310042,0.150655,864.473056,2,1.240101,11,8,14,19,7,2.784841
wallet_050,20,12,8,1.403714,1.310428,0.135707,144.918611,429.018523,0.058886,1514.941944,1,1.071187,4,6,7,10,3,3.03423
wallet_051,54,27,27,4.185598,4.599483,0.162687,217.916389,152.452442,0.160396,763.565278,2,0.910015,9,11,14,20,6,2.819071
wallet_052,23,13,10,1.182461,0.865089,0.089024,100.892222,376.216187,0.066693,1369.532778,1,1.366867,5,8,10,13,3,2.699267
wallet_053,7,5,2,3.106642,0.074285,0.454418,1128.633333,1335.666111,0.020963,3098.737222,1,41.820676,5,2,6,7,1,2.819071
wallet_054,16,9,7,2.365222,0.852436,0.201104,429.558056,538.247944,0.047562,1071.417222,1,2.774662,7,4,7,11,4,2.95599
wallet_055,24,14,10,3.045058,1.172944,0.17575,650.078889,371.219614,0.067463,1258.9,1,2.596082,9,7,13,16,5,2.687042
wallet_056,24,13,11,1.405532,0.484807,0.078764,4.853056,366.211329,0.068385,1482.566944,1,2.89916,12,5,14,17,4,2.599022
wallet_057,9,3,6,0.216817,0.2249,0.04908,677.335278,931.08,0.028999,2941.745278,1,0.964061,3,5,8,8,1,2.784841
wallet_058,2,1,1,2.586629,2.512955,2.549792,0.070833,0.070833,48.0,0.070833,2,1.029317,1,1,2,2,0,3.687042
wallet_059,21,10,11,0.819632,0.608504,0.068006,505.42,401.279069,0.062799,1937.5975,1,1.346963,8,8,13,16,5,2.530562
wallet_060,18,17,1,5.4239,5.369661,0.599642,5.998611,0.643725,39.476089,5.998611,4,1.010101,17,1,18,18,0,2.677262
wallet_061,20,15,5,2.001838,0.761283,0.138156,312.196389,427.125789,0.059147,1101.657222,1,2.629557,7,5,8,12,5,3.03912
wallet_062,11,4,7,0.396476,0.167848,0.051302,524.394722,787.502222,0.033524,1994.911667,1,2.362111,3,6,8,9,2,2.513447
wallet_063,16,4,12,0.179379,0.616087,0.049717,157.375,534.05137,0.047935,1653.478333,1,0.291159,2,9,10,11,2,2.599022
wallet_064,43,20,23,1.024198,0.733776,0.040883,285.428889,203.421104,0.120791,425.3075,1,1.39579,11,9,13,20,7,2.814181
wallet_065,13,7,6,1.114433,7.223699,0.641395,377.973889,489.241759,0.053143,1105.531111,1,0.154275,4,5,7,9,4,2.667482
wallet_066,8,1,7,0.017088,1.215073,0.15402,1.566667,1022.842738,0.026816,7140.306667,2,0.014064,1,7,8,8,0,2.9511
wallet_067,2,1,1,7.808757,7.75629,7.782524,0.187222,0.187222,48.0,0.187222,2,1.006764,1,1,2,2,0,3.689487
wallet_068,63,33,30,7.332694,16.867088,0.384124,42.170833,134.249718,0.181655,795.225556,1,0.434734,10,12,16,22,8,2.650367
wallet_069,56,29,27,6.497122,3.127916,0.171876,192.624722,145.467475,0.167985,1010.924444,1,2.077141,12,13,18,25,8,2.679707
wallet_070,21,10,11,1.154545,4.752641,0.281295,107.101111,403.698653,0.062423,1965.612222,1,0.242927,8,8,11,16,5,2.843521
wallet_071,27,15,12,1.610674,0.790192,0.088921,243.239167,318.474284,0.078258,1023.39,1,2.038334,8,8,12,16,4,2.850856
wallet_072,27,13,14,10.117117,7.408434,0.649094,143.535833,304.250951,0.081916,1363.239722,1,1.365622,8,9,12,17,5,2.850856
wallet_073,12,6,6,0.696186,0.438202,0.094532,865.266111,730.683258,0.035832,3247.642222,1,1.588731,6,6,9,12,3,2.841076
wallet_074,28,16,12,1.818761,0.835831,0.094807,51.006944,289.734496,0.085902,1653.085,1,2.175992,11,8,14,19,6,2.621027
wallet_075,16,1,15,2.907879,2.867819,0.360981,0.366111,0.312556,81.905439,0.561944,5,1.013969,1,15,16,16,0,2.650367
wallet_076,44,18,26,1.397399,1.692027,0.070214,74.981944,192.611544,0.127501,741.485556,2,0.825872,9,12,17,21,5,2.444988
wallet_077,2,1,1,2.201022,2.18669,2.193856,0.165278,0.165278,48.0,0.165278,2,1.006554,1,1,2,2,0,3.650367
wallet_078,64,41,23,8.593309,3.743081,0.192756,79.3625,132.612778,0.183851,544.383056,1,2.295785,8,13,14,21,8,2.731051
wallet_079,2,1,1,1.253915,1.237468,1.245692,0.403611,0.403611,48.0,0.403611,2,1.013291,1,1,2,2,0,3.579462
wallet_080,2,1,1,5.495392,5.436715,5.466053,0.235833,0.235833,48.0,0.235833,2,1.010793,1,1,2,2,0,3.841076
wallet_081,16,15,1,5.030233,4.979931,0.625635,2.181944,0.505907,50.602145,2.181944,5,1.010101,15,1,16,16,0,2.628362
wallet_082,22,13,9,0.545917,1.568391,0.096105,419.002778,391.521799,0.064218,1062.731667,2,0.348075,5,6,7,11,4,2.858191
wallet_083,24,21,3,3.033628,0.081345,0.129791,52.578611,352.57936,0.071029,723.616667,1,37.293175,8,3,9,11,4,2.721271
wallet_084,11,1,10,0.053244,6.545253,0.599863,1.998889,766.811167,0.034428,7025.153889,2,0.008135,1,10,10,11,1,2.823961
wallet_085,13,7,6,0.172247,1.02491,0.092089,42.111111,637.378241,0.040792,1615.820833,1,0.16806,6,6,11,12,2,2.618582
wallet_086,20,9,11,0.334376,0.789346,0.056186,309.875833,407.714137,0.061963,903.729444,1,0.423612,5,9,12,14,2,2.623472
wallet_087,23,10,13,2.197438,3.033501,0.227432,104.638889,266.90596,0.094007,1627.453889,12,0.72439,9,12,19,21,3,2.594132
wallet_088,35,20,15,1.039661,0.967122,0.057337,104.852222,243.042672,0.101652,2057.939167,1,1.075005,10,8,14,18,5,2.665037
wallet_089,22,8,14,6.86861,1.039595,0.359464,45.391667,403.550899,0.062304,1883.596389,1,6.607008,6,6,8,12,4,3.00978
wallet_090,27,16,11,2.280845,1.150581,0.12709,146.989722,284.124316,0.087719,1124.399167,1,1.982341,11,9,18,20,4,2.645477
wallet_091,43,20,23,4.522867,1.399976,0.137741,130.043611,203.390522,0.120809,1631.050833,2,3.230675,11,12,16,23,10,2.748166
wallet_092,2,1,1,1.754146,1.735582,1.744864,0.106667,0.106667,48.0,0.106667,2,1.010696,1,1,2,2,0,4.672372
wallet_093,26,14,12,6.720449,1.017581,0.297617,29.611667,329.387178,0.075777,1079.171111,1,6.604335,11,7,14,18,7,2.635697
wallet_094,18,10,8,1.211456,0.69854,0.106111,332.813333,462.95585,0.05489,1253.085278,1,1.734269,4,6,7,10,3,3.007335
wallet_095,31,14,17,0.408864,1.201337,0.051942,143.702222,279.818954,0.088629,1134.2075,2,0.340341,6,8,9,14,5,2.899756
wallet_096,2,1,1,4.864993,4.760564,4.812779,0.358056,0.358056,48.0,0.358056,2,1.021936,1,1,2,2,0,3.709046
wallet_097,47,22,25,0.884271,0.771705,0.035234,166.457778,171.077216,0.143337,695.657222,1,1.145866,10,11,14,21,7,2.694377
wallet_098,10,0,10,0.0,6.068431,0.606843,1.822222,851.584259,0.031314,7653.938611,3,0.0,0,8,8,8,2,2.943765
wallet_099,26,13,13,2.211006,1.955232,0.16024,0.759444,324.260422,0.076975,1096.932778,2,1.130815,5,7,9,12,4,2.740831
wallet_100,60,27,33,11.036911,4.163685,0.253343,39.928889,141.975476,0.171908,662.594722,2,2.650755,10,14,18,24,10,2.572127
wallet_101,16,15,1,5.257391,5.204817,0.653888,2.325,0.532259,48.096862,2.325,4,1.010101,15,1,16,16,0,2.652812
wallet_102,21,12,9,0.911216,0.776674,0.080376,311.461111,427.192611,0.05899,2119.273056,1,1.173229,6,3,8,9,2,2.93643
wallet_103,2,1,1,6.126495,6.053591,6.090043,0.12,0.12,48.0,0.12,2,1.012043,1,1,2,2,0,4.303178
wallet_104,49,25,24,6.396924,3.232584,0.196521,353.299444,170.425139,0.143758,795.403056,1,1.978889,13,12,20,25,9,2.511002
wallet_105,43,25,18,2.457765,1.710549,0.096938,26.451944,200.983598,0.122256,931.648056,2,1.436828,13,8,17,21,4,2.437653
wallet_106,8,6,2,0.183025,0.422805,0.075729,429.928056,969.5325,0.028291,3667.136944,1,0.432883,6,2,8,8,0,3.070905
wallet_107,41,19,22,1.077911,0.831215,0.046564,500.508611,203.970028,0.120606,1197.895833,12,1.296789,13,15,23,28,5,2.440098
wallet_108,2,1,1,6.64767,6.461453,6.554561,0.085278,0.085278,48.0,0.085278,2,1.02882,1,1,2,2,0,4.393643
wallet_109,30,16,14,4.783709,0.774032,0.185258,114.886667,285.568937,0.086941,1791.523889,1,6.180248,8,7,11,15,4,2.875306
wallet_110,42,30,12,2.40712,2.457088,0.115814,341.214722,201.958625,0.121735,721.05,2,0.979664,8,9,13,17,7,2.821516
wallet_111,33,25,8,2.182673,0.772754,0.089558,158.185833,265.049774,0.093379,724.1,2,2.824538,9,5,10,14,7,2.789731
wallet_112,21,10,11,1.409642,0.919263,0.1109,3.405556,419.797306,0.060029,1631.844167,1,1.533448,6,6,9,12,4,2.863081
wallet_113,23,6,17,1.221471,6.541382,0.337515,171.251944,346.84029,0.072341,2120.986389,1,0.18673,4,5,7,9,3,2.814181
wallet_114,10,8,2,0.933952,0.644006,0.157796,818.463056,895.82142,0.029768,3528.618611,1,1.450222,5,2,7,7,1,2.958435
wallet_115,2,1,1,1.72175,1.692148,1.706949,0.246667,0.246667,48.0,0.246667,2,1.017494,1,1,2,2,0,3.515892
wallet_116,14,7,7,0.417642,0.759964,0.084115,66.603333,570.10938,0.045335,1243.605833,1,0.549555,6,7,12,13,2,2.652812
wallet_117,15,6,9,0.459944,1.025759,0.099047,646.472778,517.62121,0.049678,2923.088611,1,0.448393,6,6,11,12,1,2.665037
wallet_118,28,15,13,0.321708,0.314849,0.022734,342.999167,304.492665,0.081739,1142.753611,1,1.021783,9,8,13,17,6,2.682152
wallet_119,49,29,20,1.926051,2.610845,0.09259,94.094722,177.556539,0.137984,670.771111,1,0.737712,8,9,13,17,6,2.801956
wallet_120,2,1,1,1.255711,1.226939,1.241325,0.246944,0.246944,48.0,0.246944,2,1.023451,1,1,2,2,0,3.633252
wallet_121,22,10,12,0.324411,1.562672,0.085776,76.080833,384.217817,0.065439,1611.614722,2,0.2076,6,6,10,12,3,2.870416
wallet_122,31,16,15,1.250271,1.110797,0.076163,346.879167,273.457528,0.090691,791.443056,1,1.125562,7,7,11,14,5,2.694377
wallet_123,36,17,19,2.596066,3.498254,0.169287,162.3275,239.288952,0.103163,1461.193889,1,0.742103,6,6,10,12,4,2.733496
wallet_124,30,16,14,0.794056,2.253389,0.101581,74.853056,294.768879,0.084227,1372.771389,1,0.352383,8,10,14,18,5,2.640587
wallet_125,10,5,5,5.149471,0.204889,0.535436,1221.701389,782.84787,0.034064,1348.776667,1,25.132985,5,4,8,9,2,2.953545
wallet_126,26,12,14,0.865668,0.375402,0.047733,62.811111,331.816089,0.075222,980.3175,1,2.305976,5,6,8,11,4,2.91198
wallet_127,17,9,8,1.682249,0.158318,0.108269,188.043889,501.854479,0.050812,841.737778,1,10.625761,6,4,7,10,3,3.0489
wallet_128,23,12,11,0.751999,0.329212,0.047009,173.922778,386.601641,0.064901,1503.820833,1,2.284236,8,5,9,13,4,2.894866
wallet_129,42,14,28,0.83687,2.952609,0.090226,66.517222,201.472825,0.122028,845.185278,2,0.283434,10,15,20,25,9,2.618582
wallet_130,35,9,26,0.464779,5.206696,0.162042,483.0775,240.264567,0.102828,812.426667,1,0.089266,9,10,15,19,5,2.638142
wallet_131,31,13,18,1.281873,9.280712,0.340729,275.423333,279.363,0.088773,935.361667,1,0.138122,6,8,11,14,4,2.660147
wallet_132,24,12,12,1.41972,0.944694,0.098517,302.349722,365.19971,0.068575,1201.2125,1,1.502836,10,5,12,15,3,2.652812
wallet_133,42,25,17,2.575716,0.922326,0.083287,71.066389,197.855786,0.124259,915.294167,1,2.792632,15,10,21,25,4,2.342298
wallet_134,2,1,1,5.200745,5.108752,5.154749,0.428611,0.428611,48.0,0.428611,2,1.018007,1,1,2,2,0,3.498778
wallet_135,26,7,19,2.059295,5.530533,0.291916,26.830833,304.814778,0.081886,4935.647222,1,0.37235,4,7,10,11,1,2.713936
wallet_136,2,1,1,5.615305,5.487249,5.551277,0.394722,0.394722,48.0,0.394722,2,1.023337,1,1,2,2,0,3.601467
wallet_137,23,11,12,0.703499,3.235668,0.171268,520.6275,385.770593,0.065041,1431.695833,1,0.21742,8,9,13,17,6,2.816626
wallet_138,2,1,1,1.9427,1.916696,1.929698,0.328333,0.328333,48.0,0.328333,2,1.013567,1,1,2,2,0,4.400978
wallet_139,29,16,13,0.983728,0.687639,0.057633,460.9325,295.693095,0.084064,842.800556,1,1.430588,12,10,17,22,5,2.410758
wallet_140,38,13,25,3.034049,8.627789,0.30689,60.586667,227.818611,0.108194,818.0175,1,0.35166,8,15,20,23,8,2.545232
wallet_141,2,1,1,4.333578,4.298352,4.315965,0.425833,0.425833,48.0,0.425833,2,1.008195,1,1,2,2,0,3.491443
wallet_142,53,23,30,1.215586,1.433041,0.049974,173.468889,147.34766,0.166012,564.012778,1,0.848256,12,12,17,24,10,2.562347
wallet_143,27,15,12,2.440718,3.461252,0.218591,39.451667,310.572147,0.080249,922.2825,1,0.705155,11,6,14,17,4,2.613692
wallet_144,9,6,3,1.176629,0.25895,0.159509,2086.156389,804.554514,0.033559,2086.156389,1,4.54384,4,3,6,7,3,2.833741
wallet_145,32,16,16,0.78382,0.624331,0.044005,283.284444,258.587303,0.095806,898.821944,1,1.255457,10,7,13,17,6,2.501222
wallet_146,100,100,0,8.348714,0.0,0.083487,49.620556,84.910825,0.285505,492.901944,2,100.0,81,0,81,81,18,2.012225
wallet_147,41,16,25,3.157466,1.134728,0.104688,243.989444,200.884306,0.122459,547.47,1,2.782576,12,16,21,28,9,2.606357
wallet_148,2,1,1,2.260042,2.209991,2.235016,0.216667,0.216667,48.0,0.216667,2,1.022648,1,1,2,2,0,3.559902
wallet_149,32,14,18,1.550755,1.81891,0.105302,91.621111,261.721326,0.094659,1223.641111,1,0.852574,9,10,12,19,7,2.621027
wallet_150,11,1,10,0.033296,4.202754,0.385095,1.523333,716.639611,0.036839,6771.398333,3,0.007923,1,10,11,11,0,2.806846
wallet_151,16,9,7,0.743533,0.957883,0.106338,239.780278,489.668796,0.05228,2564.513333,1,0.776225,7,7,12,14,2,2.867971
wallet_152,100,100,0,7.097284,0.0,0.070973,26.497778,82.374212,0.294296,423.711389,2,100.0,78,0,78,78,17,2.00489
wallet_153,21,7,14,0.723767,10.160408,0.518294,67.264722,375.237542,0.067157,1466.9075,1,0.071234,4,10,11,14,4,2.731051
wallet_154,2,1,1,4.760564,4.636015,4.698289,0.373889,0.373889,48.0,0.373889,2,1.026866,1,1,2,2,0,3.484108
wallet_155,9,3,6,0.10703,3.212497,0.368836,1.186944,915.085556,0.029505,6790.742778,3,0.033317,3,6,9,9,0,2.753056
wallet_156,18,11,7,0.502926,0.122338,0.034737,270.072778,492.924984,0.051553,1280.949722,1,4.110939,9,5,11,14,3,2.799511
wallet_157,2,1,1,6.461453,6.390712,6.426082,0.151111,0.151111,48.0,0.151111,2,1.011069,1,1,2,2,0,3.848411
wallet_158,31,14,17,1.63795,1.115834,0.088832,135.077222,271.707204,0.091275,1632.032778,1,1.467915,10,12,17,22,6,2.528117
wallet_159,45,19,26,3.646563,1.41443,0.112467,1.779167,193.829747,0.126634,1178.379167,2,2.578115,12,15,21,27,10,2.542787
wallet_160,27,16,11,0.395108,8.986516,0.347468,319.474444,328.725962,0.075817,1175.790556,1,0.043967,7,8,12,15,4,2.721271
wallet_161,15,6,9,0.508417,5.299321,0.387183,2.609444,586.957679,0.043809,1753.920278,1,0.09594,6,5,9,11,3,2.99022
wallet_162,18,6,12,2.52388,1.737495,0.236743,27.4575,450.351961,0.056426,1117.729167,1,1.452597,6,9,12,15,3,2.823961
wallet_163,24,13,11,0.821036,0.855008,0.069835,11.379167,334.017391,0.074977,1445.133889,1,0.960267,6,11,13,17,4,2.545232
wallet_164,14,7,7,0.683173,0.228744,0.065137,371.980278,512.358419,0.050445,1322.388889,1,2.986629,6,7,11,13,2,2.850856
wallet_165,36,13,23,1.900055,0.811798,0.075329,188.710833,238.45904,0.103522,1510.305556,13,2.340551,9,19,23,28,5,2.469438
wallet_166,37,22,15,1.352693,0.547573,0.051359,160.961667,216.483927,0.113942,847.951944,1,2.470344,11,10,17,21,6,2.462103
wallet_167,20,8,12,0.336304,2.625726,0.148101,194.245556,431.963918,0.058484,1960.285,1,0.12808,4,10,12,14,4,2.667482
wallet_168,23,16,7,1.434374,1.041029,0.107626,770.3825,367.549053,0.068265,1638.820278,1,1.377843,9,6,12,15,4,2.843521
wallet_169,101,54,47,2.776195,1.596536,0.043294,68.281389,85.950564,0.282023,520.069722,2,1.738887,23,14,31,37,6,2.371638
wallet_170,31,13,18,3.430164,10.344875,0.444356,138.490278,261.605,0.094799,1294.411389,2,0.331581,9,13,17,22,6,2.501222
wallet_171,2,1,1,1.987872,1.9427,1.965286,0.373333,0.373333,48.0,0.373333,2,1.023252,1,1,2,2,0,3.743276
wallet_172,11,6,5,0.488849,0.085119,0.052179,1783.374722,774.867889,0.03407,3239.423333,1,5.743114,6,4,9,10,2,2.929095
wallet_173,40,16,24,0.867912,0.592435,0.036509,122.880556,206.7925,0.119034,932.905,13,1.464991,14,20,29,34,7,2.403423
wallet_174,26,14,12,1.320338,0.985703,0.088694,11.2925,319.362467,0.078156,1078.252778,2,1.339489,8,7,11,15,5,2.691932
wallet_175,27,7,20,1.679535,5.041084,0.248912,1073.826111,308.084092,0.080897,1757.286667,14,0.333169,7,19,23,26,3,2.528117
wallet_176,22,13,9,1.247856,9.000733,0.465845,57.161111,343.068981,0.073288,1173.985833,1,0.138639,6,6,9,12,5,2.679707
wallet_177,29,16,13,0.822438,0.964758,0.061627,848.039722,292.219633,0.085063,848.039722,1,0.852481,10,10,14,20,6,2.819071
wallet_178,2,1,1,6.053591,5.99268,6.023136,0.073889,0.073889,48.0,0.073889,2,1.010164,1,1,2,2,0,3.691932
wallet_179,23,9,14,0.867374,0.848444,0.074601,74.890556,369.831667,0.067844,1272.3775,1,1.022312,8,7,12,15,3,2.858191
wallet_180,2,1,1,6.23609,6.126495,6.181292,0.125,0.125,48.0,0.125,2,1.017889,1,1,2,2,0,3.530562
wallet_181,16,8,8,1.142995,1.98254,0.195346,386.2725,545.298481,0.046947,1600.725833,1,0.576531,7,7,13,14,3,2.591687
wallet_182,43,25,18,1.274861,0.792887,0.048087,143.166944,203.36375,0.120825,785.7425,1,1.607872,10,10,14,20,8,2.794621
wallet_183,15,11,4,1.199308,0.143376,0.089512,651.568056,557.421845,0.046131,1535.083056,1,8.364783,7,4,9,11,3,3.02934
wallet_184,28,22,6,3.568762,1.193358,0.170076,23.000556,294.253107,0.084583,749.0,1,2.99052,6,6,10,12,4,2.694377
wallet_185,37,14,23,1.1179,1.454726,0.06953,466.447222,236.341404,0.104369,1962.750556,11,0.768461,13,19,29,32,6,2.481663
wallet_186,13,5,8,0.582654,0.501579,0.083403,20.486111,700.046227,0.03714,2239.052222,1,1.16164,4,6,7,10,3,2.909535
wallet_187,30,12,18,1.343087,1.25398,0.086569,33.9825,280.546944,0.088497,1445.683333,1,1.071059,10,11,17,21,5,2.579462
wallet_188,38,17,21,6.533853,0.905864,0.195782,144.740278,226.412575,0.108866,1126.502778,2,7.21284,12,13,18,25,8,2.677262
wallet_189,38,25,13,1.482314,0.787512,0.059732,224.1025,229.64792,0.107332,599.406667,1,1.882274,11,9,15,20,7,2.677262
wallet_190,23,10,13,0.327285,0.815206,0.049674,592.2675,380.458788,0.065949,1460.027778,1,0.401476,4,8,10,12,4,2.870416
wallet_191,2,1,1,2.209991,2.191188,2.20059,0.137778,0.137778,48.0,0.137778,2,1.008581,1,1,2,2,0,3.782396
wallet_192,36,17,19,1.08948,1.365044,0.068181,31.360833,231.761913,0.106513,1004.046111,1,0.798128,8,8,11,16,7,2.701711
wallet_193,25,8,17,1.150553,0.904323,0.082195,84.808056,316.584502,0.078968,1923.627778,1,1.272281,6,8,11,14,5,2.777506
wallet_194,24,15,9,0.85158,0.512471,0.056835,115.332778,360.763164,0.069418,1215.447778,1,1.661712,9,5,11,14,5,2.860636
wallet_195,19,9,10,1.030781,0.612431,0.086485,120.972778,423.891142,0.059764,1888.441111,1,1.683098,7,7,11,14,3,2.682152
wallet_196,24,10,14,5.418994,1.426779,0.285241,453.2925,371.50256,0.067411,1746.936944,1,3.798062,9,9,14,18,5,2.672372
wallet_197,23,10,13,2.496181,1.049427,0.154157,356.1725,357.596755,0.070165,1724.240278,1,2.378614,6,9,14,15,2,2.723716
wallet_198,37,20,17,5.106355,2.550198,0.206934,173.922778,238.359614,0.103485,1107.067222,2,2.002337,10,10,14,20,7,2.850856
wallet_199,23,5,18,0.427181,5.859663,0.273341,409.403333,362.241806,0.069266,3458.1575,1,0.072902,5,6,10,11,1,2.797066
wallet_200,2,1,1,2.795543,2.719957,2.75775,0.048056,0.048056,48.0,0.048056,2,1.027789,1,1,2,2,0,3.594132
wallet_201,21,11,10,2.32727,2.246293,0.217789,170.971389,406.696944,0.061963,1628.984167,1,1.036049,5,5,8,10,4,2.823961
wallet_202,32,19,13,0.854879,0.507888,0.042586,140.983333,269.298719,0.091995,1133.085833,1,1.683204,13,11,18,24,7,2.596577
wallet_203,2,1,1,2.83657,2.795543,2.816056,0.0625,0.0625,48.0,0.0625,2,1.014676,1,1,2,2,0,4.310513
wallet_204,2,1,1,7.75629,7.649404,7.702847,0.423333,0.423333,48.0,0.423333,2,1.013973,1,1,2,2,0,3.603912
wallet_205,12,6,6,0.222747,7.678014,0.658397,868.623056,721.01096,0.036313,2900.863889,1,0.029011,4,5,8,9,3,2.750611
wallet_206,2,1,1,1.204521,1.183614,1.194067,0.086667,0.086667,48.0,0.086667,2,1.017663,1,1,2,2,0,3.929095
wallet_207,51,22,29,4.588079,4.218359,0.172675,75.629722,150.200456,0.162982,532.036389,14,1.087645,16,19,31,35,6,2.393643
wallet_208,24,13,11,1.643416,0.521104,0.090188,1.376111,361.010205,0.069371,1753.7125,1,3.15372,9,4,11,13,3,2.804401
wallet_209,17,4,13,0.217584,0.466634,0.040248,420.198333,436.57625,0.058409,2259.751667,2,0.466285,4,7,9,11,4,2.96088
wallet_210,11,6,5,0.655321,0.70895,0.124025,71.568611,794.084389,0.033246,2526.985556,1,0.924353,5,3,7,8,3,2.792176
wallet_211,2,1,1,4.211665,4.141408,4.176537,0.311667,0.311667,48.0,0.311667,2,1.016964,1,1,2,2,0,3.623472
wallet_212,25,19,6,1.006572,0.305018,0.052464,5.458889,336.24228,0.074351,1008.61,1,3.300039,9,4,11,13,4,2.806846
wallet_213,2,1,1,1.916696,1.879329,1.898012,0.427778,0.427778,48.0,0.427778,2,1.019884,1,1,2,2,0,3.682152
wallet_214,2,1,1,1.166423,1.13513,1.150777,0.090556,0.090556,48.0,0.090556,2,1.027568,1,1,2,2,0,3.586797
wallet_215,16,9,7,0.345134,0.166977,0.032007,1289.417778,541.125648,0.047309,1289.417778,1,2.066963,6,6,11,12,2,2.679707
wallet_216,17,7,10,1.17767,0.828961,0.118037,989.965,448.820174,0.056816,1347.529722,1,1.420657,6,9,12,15,4,2.677262
wallet_217,42,16,26,1.204343,2.406269,0.085967,31.089167,206.667276,0.118961,766.475278,2,0.500502,8,13,19,21,5,2.437653
wallet_218,24,19,5,2.171571,0.333801,0.10439,352.175,371.881473,0.067343,1393.363611,1,6.505587,10,4,11,14,4,2.831296
wallet_219,27,18,9,1.476031,0.459027,0.071669,440.969444,320.496261,0.077764,740.9,1,3.215566,6,9,13,15,4,2.691932
wallet_220,17,10,7,0.960397,0.825932,0.105078,1.291111,507.630747,0.050233,1417.215278,1,1.162804,6,5,8,11,4,2.93154
wallet_221,24,16,8,2.118366,1.760897,0.161636,173.231389,356.978442,0.070154,1149.938889,1,1.203004,11,6,12,17,5,2.870416
wallet_222,15,1,14,5.51278,5.445658,0.730563,0.406944,0.271806,94.605446,0.822222,7,1.012326,1,14,15,15,0,2.691932
wallet_223,2,1,1,5.436715,5.390623,5.413669,0.2275,0.2275,48.0,0.2275,2,1.00855,1,1,2,2,0,3.647922
wallet_224,15,7,8,0.251557,0.200859,0.030161,554.531111,518.131905,0.049629,1727.0575,2,1.252403,6,6,11,12,1,2.691932
wallet_225,19,10,9,0.841168,1.48167,0.122255,69.389722,459.028472,0.055189,2322.890278,1,0.567716,10,8,15,18,4,2.845966
wallet_226,9,2,7,0.068039,3.178449,0.360721,1.347222,929.171215,0.029058,6804.853333,2,0.021406,2,7,9,9,0,2.848411
wallet_227,26,9,17,0.574563,1.19554,0.068081,230.881111,273.454811,0.091277,1033.035278,1,0.480589,6,9,11,15,5,2.704156
wallet_228,70,36,34,1.563528,5.623862,0.102677,33.271389,121.866445,0.199791,381.050833,2,0.278017,12,17,23,29,11,2.408313
wallet_229,22,12,10,3.155328,3.264769,0.291823,350.714167,347.377368,0.072379,939.145833,1,0.966478,7,7,11,14,4,2.603912
wallet_230,28,13,15,1.34767,3.57162,0.175689,129.140556,295.684486,0.084174,1425.5175,1,0.377327,10,8,14,18,5,2.535452
wallet_231,20,14,6,1.380687,0.217249,0.079897,279.855556,448.260833,0.056358,1366.863333,1,6.355331,11,4,14,15,4,2.792176
wallet_232,43,30,13,1.697134,0.369636,0.048064,56.970556,203.756746,0.120592,572.583333,1,4.59137,12,9,15,21,6,2.572127
wallet_233,30,19,11,4.19782,0.520973,0.157293,14.588889,283.832366,0.087473,1493.258611,1,8.057659,11,11,16,22,8,2.606357
wallet_234,42,23,19,1.87426,0.888939,0.06579,229.702222,201.45502,0.122039,1840.916667,1,2.108424,11,11,16,22,7,2.738386
wallet_235,27,12,15,8.446181,2.198695,0.394255,214.604167,240.950983,0.103436,1705.455833,1,3.841451,7,9,15,16,4,2.713936
wallet_236,40,21,19,1.397654,1.168919,0.064164,67.339722,204.864487,0.120154,1197.231111,12,1.195681,8,17,22,25,5,2.513447
wallet_237,35,11,24,5.653283,0.695716,0.1814,246.546944,235.77344,0.104787,957.315833,1,8.125847,9,12,17,21,4,2.674817
wallet_238,51,18,33,5.542319,10.47735,0.314111,56.539444,169.904983,0.144081,700.188889,1,0.528981,10,13,16,23,10,2.647922
wallet_239,38,25,13,1.347745,0.914601,0.059535,166.490833,231.115435,0.106651,694.816667,1,1.473587,10,8,15,18,6,2.528117
wallet_240,2,1,1,2.149951,2.110327,2.130139,0.209722,0.209722,48.0,0.209722,2,1.018776,1,1,2,2,0,3.508557
wallet_241,37,18,19,1.373767,3.428468,0.12979,23.983611,231.206188,0.106687,1176.658333,1,0.400694,10,8,14,18,5,2.638142
wallet_242,15,10,5,0.669673,0.586824,0.083766,382.805833,504.355456,0.050984,1231.876667,1,1.141182,7,5,10,12,4,2.904645
wallet_243,29,9,20,3.303182,1.765083,0.174768,437.810278,299.498562,0.082996,1004.826667,1,1.871404,7,11,14,18,7,2.679707
wallet_244,21,9,12,2.716655,3.390905,0.290836,119.923333,426.764875,0.059049,1181.780278,1,0.801159,6,8,12,14,5,2.572127
wallet_245,15,1,14,7.600081,7.536253,1.009089,0.075833,0.263413,97.619765,0.713056,6,1.008469,1,14,15,15,0,2.699267
wallet_246,2,1,1,2.244148,2.201022,2.222585,0.185,0.185,48.0,0.185,2,1.019594,1,1,2,2,0,3.638142
wallet_247,2,1,1,4.669438,4.632988,4.651213,0.225,0.225,48.0,0.225,2,1.007867,1,1,2,2,0,3.552567
wallet_248,80,42,38,9.701673,2.260455,0.149527,25.480278,105.918523,0.229457,557.795,2,4.291911,11,16,20,27,8,2.635697
wallet_249,13,5,8,0.837343,0.305314,0.087897,8.3325,606.986921,0.042835,3222.648056,1,2.742569,4,8,11,12,1,2.762836
wallet_250,2,1,1,2.110327,2.081301,2.095814,0.301389,0.301389,48.0,0.301389,2,1.013946,1,1,2,2,0,4.273839
wallet_251,37,15,22,2.027029,4.253832,0.169753,341.233056,228.62939,0.107889,748.601111,1,0.476518,9,13,16,22,7,2.603912
wallet_252,41,19,22,3.18823,2.487253,0.138426,147.851944,203.737319,0.120744,721.732778,2,1.281828,9,10,13,19,7,2.682152
wallet_253,30,14,16,0.909458,1.070933,0.066013,915.971944,287.309435,0.086414,915.971944,1,0.84922,6,7,9,13,4,3.02934
wallet_254,33,16,17,1.170147,0.813157,0.0601,21.928611,245.341788,0.10088,753.0425,1,1.439017,9,10,13,19,6,2.657702
wallet_255,26,13,13,5.238196,0.500669,0.220726,525.447222,333.399144,0.074865,1075.484722,1,10.462384,9,6,11,15,5,2.882641
wallet_256,31,13,18,9.686323,1.066513,0.346866,0.897778,283.445491,0.087495,1178.610556,2,9.082233,10,8,14,18,6,2.635697
wallet_257,29,21,8,1.353183,1.015614,0.081683,96.23,282.086905,0.088119,725.316667,1,1.332379,7,5,8,12,5,2.958435
wallet_258,15,4,11,0.295065,5.148143,0.362881,1060.790833,523.25375,0.049143,1991.971667,1,0.057315,4,5,8,9,3,2.92176
wallet_259,2,1,1,1.777936,1.730799,1.754368,0.132778,0.132778,48.0,0.132778,2,1.027235,1,1,2,2,0,3.630807
wallet_260,24,9,15,0.602493,1.056877,0.06914,163.128889,361.067162,0.06936,1487.177222,1,0.570069,5,11,13,16,4,2.643032
wallet_261,32,12,20,0.827489,0.864228,0.052866,63.088056,272.32129,0.090974,1424.215278,1,0.957489,6,9,11,15,5,2.721271
wallet_262,53,26,27,4.479725,2.983022,0.140807,12.574167,161.328536,0.151626,977.898056,2,1.50174,9,12,18,21,4,2.518337
wallet_263,19,11,8,2.461233,0.448975,0.153169,90.263056,429.212762,0.059023,1276.118611,1,5.481898,9,6,13,15,5,2.586797
wallet_264,10,1,9,0.112486,11.938334,1.205082,1.7475,840.666821,0.031721,7109.893056,2,0.009422,1,9,10,10,0,2.9022
wallet_265,43,18,25,0.653139,0.765982,0.033003,216.693333,203.390522,0.120809,1127.238056,2,0.852681,12,10,15,22,8,2.811736
wallet_266,27,15,12,1.297871,0.812473,0.078161,322.886111,310.333312,0.080311,2144.910833,2,1.597432,11,8,17,19,8,2.542787
wallet_267,33,17,16,3.758108,1.336325,0.154377,211.300556,265.847405,0.093099,1010.088611,1,2.81227,9,13,18,22,5,2.555012
wallet_268,53,25,28,1.533526,7.442958,0.169368,121.006111,160.765459,0.152157,1227.435556,1,0.206037,13,16,20,29,10,2.506112
wallet_269,38,20,18,1.342311,0.488494,0.048179,90.306111,223.132372,0.110466,1150.018333,1,2.747858,9,9,11,18,7,2.880196
wallet_270,25,12,13,1.219461,0.815526,0.081399,334.719444,340.021632,0.073525,1001.936389,1,1.495305,10,8,14,18,4,2.535452
wallet_271,23,11,12,0.87815,1.125192,0.087102,3.344444,374.304369,0.067033,962.887778,1,0.780444,6,9,12,15,3,2.782396
wallet_272,25,14,11,0.623822,0.318643,0.037699,27.583056,332.893113,0.075099,1213.698056,1,1.957746,6,4,7,10,4,3.056235
wallet_273,16,15,1,4.462205,4.417583,0.554987,3.649167,0.591667,43.267606,3.649167,5,1.010101,15,1,16,16,0,2.657702
wallet_274,19,8,11,0.641023,0.757691,0.073617,416.444167,417.869429,0.060625,1041.854722,1,0.846021,6,7,10,13,3,2.709046
wallet_275,28,22,6,2.54534,0.21909,0.09873,127.761389,303.629835,0.081971,723.4,1,11.617788,7,6,11,13,3,2.669927
wallet_276,2,1,1,4.832905,4.726773,4.779839,0.301944,0.301944,48.0,0.301944,2,1.022453,1,1,2,2,0,3.723716
wallet_277,33,15,18,0.936518,1.029662,0.059581,184.210833,253.022665,0.097817,812.8925,2,0.90954,10,11,16,21,5,2.608802
wallet_278,21,10,11,1.441174,1.199302,0.125737,1103.514444,376.776069,0.066883,1592.487222,1,1.201677,6,7,10,13,3,2.701711
wallet_279,25,6,19,6.229179,3.767125,0.399852,331.688889,355.532824,0.070317,835.285833,1,1.653563,6,11,15,17,4,2.792176
wallet_280,26,11,15,0.495397,0.712815,0.04647,60.7075,336.136789,0.074255,909.018056,2,0.694987,8,12,15,20,6,2.493888
wallet_281,12,4,8,1.424916,5.187168,0.551007,804.511944,695.815631,0.037628,1366.697778,1,0.2747,4,7,10,11,1,2.877751
wallet_282,29,17,12,1.08897,0.889736,0.068231,117.08,287.120456,0.086574,945.644167,1,1.223925,7,6,7,13,6,3.06357
wallet_283,30,13,17,2.98612,9.739127,0.424175,32.614167,265.943649,0.093357,1899.378056,1,0.306611,8,12,16,20,4,2.618582
wallet_284,11,2,9,0.070303,0.713936,0.071294,299.65,726.231139,0.036352,2578.649444,1,0.098472,2,7,8,9,3,2.899756
wallet_285,16,4,12,0.337891,9.184335,0.595139,359.509444,491.365352,0.0521,3026.828056,1,0.03679,3,10,12,13,3,2.647922
wallet_286,27,7,20,1.148903,2.77175,0.145209,75.545278,303.65203,0.082078,1195.4925,2,0.414505,4,11,12,15,4,2.875306
wallet_287,29,15,14,0.950819,0.864756,0.062606,3.598333,263.952371,0.094173,1007.614722,1,1.099522,7,7,10,14,4,2.860636
wallet_288,50,30,20,15.563157,1.05839,0.332431,25.804444,173.294473,0.141319,642.087222,1,14.704553,9,9,13,18,7,2.508557
wallet_289,50,20,30,7.312436,3.709307,0.220435,27.780556,150.178186,0.163072,1072.343611,2,1.971375,13,9,16,22,7,2.528117
wallet_290,9,0,9,0.0,2.332688,0.259188,0.389444,951.851424,0.028366,7029.740278,3,0.0,0,9,9,9,0,2.855746
wallet_291,2,1,1,1.294568,1.263692,1.27913,0.190556,0.190556,48.0,0.190556,2,1.024433,1,1,2,2,0,3.623472
wallet_292,41,24,17,4.099916,1.82189,0.144434,286.975833,204.046451,0.120561,941.316389,1,2.250365,10,11,16,21,5,2.696822
wallet_293,2,1,1,6.719159,6.64767,6.683414,0.320278,0.320278,48.0,0.320278,2,1.010754,1,1,2,2,0,3.533007
wallet_294,20,9,11,0.907947,0.874509,0.089123,478.4425,441.726243,0.057192,1315.7625,1,1.038236,7,8,11,15,4,2.770171
wallet_295,23,12,11,0.6342,1.514077,0.093403,43.109722,387.968068,0.064673,2395.625556,1,0.418869,8,9,12,17,6,2.721271
wallet_296,96,0,96,0.0,7.189548,0.074891,2.983333,83.922632,0.288988,676.183333,3,0.0,0,8,8,8,8,2.96088
wallet_297,32,15,17,1.405156,5.143358,0.204641,102.471667,252.574292,0.098087,890.781667,1,0.273198,9,12,15,21,6,2.503667
wallet_298,41,21,20,1.467258,1.381425,0.06948,61.466111,201.103569,0.122325,807.9325,2,1.062133,11,10,17,21,5,2.638142
wallet_299,10,2,8,0.122119,0.427181,0.05493,531.277778,715.452963,0.037272,1804.203333,1,0.285871,2,7,9,9,1,2.753056
wallet_300,22,13,9,3.725201,1.972253,0.258975,337.333889,398.810728,0.063045,1407.070556,1,1.888805,9,4,9,13,4,2.943765
wallet_301,14,6,8,0.451073,7.419978,0.562218,125.481389,609.848462,0.042381,1549.536944,1,0.060792,5,6,10,11,2,2.889976
wallet_302,7,2,5,0.114049,0.432398,0.078064,385.218889,920.629491,0.030414,1797.660556,1,0.26376,2,5,7,7,0,2.792176
wallet_303,14,8,6,0.897643,0.078102,0.069696,126.357222,567.268376,0.045562,2136.283056,1,11.493234,6,5,9,11,2,2.848411
wallet_304,26,12,14,0.933179,1.740423,0.102831,94.214167,325.455544,0.076693,1127.884722,1,0.53618,10,9,16,19,6,2.559902
wallet_305,2,1,1,1.226939,1.204521,1.21573,0.113056,0.113056,48.0,0.113056,2,1.018612,1,1,2,2,0,4.486553
wallet_306,45,21,24,15.842483,3.582921,0.431676,120.891667,189.170057,0.129753,722.820556,1,4.421666,6,11,13,17,5,2.836186
wallet_307,38,18,20,2.835228,1.354044,0.110244,29.865833,221.138138,0.111463,1083.721944,1,2.093897,12,9,15,21,7,2.767726
wallet_308,29,14,15,8.472035,3.201708,0.402543,45.911667,299.226687,0.083071,981.418889,1,2.646098,10,5,12,15,3,2.860636
wallet_309,35,13,22,3.902451,1.871798,0.164979,3.5075,237.440172,0.104051,749.478333,1,2.084868,9,9,13,18,5,2.633252
wallet_310,2,1,1,1.274921,1.258566,1.266744,0.128611,0.128611,48.0,0.128611,2,1.012995,1,1,2,2,0,3.797066
wallet_311,2,1,1,1.205349,1.191912,1.198631,0.376111,0.376111,48.0,0.376111,2,1.011273,1,1,2,2,0,3.596577
wallet_312,2,1,1,1.764837,1.754146,1.759491,0.166389,0.166389,48.0,0.166389,2,1.006095,1,1,2,2,0,3.885086
wallet_313,38,22,16,1.124093,0.700305,0.04801,111.838333,220.040811,0.112019,1147.098611,2,1.605147,8,9,11,17,7,2.93643
wallet_314,24,10,14,0.621961,1.312948,0.080621,360.728889,360.473321,0.069474,858.540556,1,0.473714,6,9,10,15,5,2.885086
wallet_315,2,1,1,5.701291,5.615305,5.658298,0.255833,0.255833,48.0,0.255833,2,1.015313,1,1,2,2,0,3.630807
wallet_316,21,11,10,0.320877,0.375102,0.033142,604.297222,401.582069,0.062752,1919.032778,1,0.85544,9,5,12,14,5,2.865526
wallet_317,77,39,38,2.829544,8.073601,0.141599,30.9275,111.476155,0.218125,580.507222,2,0.350469,14,15,22,29,7,2.545232
wallet_318,37,25,12,7.575074,5.623112,0.356708,238.668333,234.040116,0.105395,1061.161111,2,1.347132,9,8,12,17,5,2.691932
wallet_319,58,23,35,3.949988,3.229738,0.123788,17.722222,143.611145,0.17005,646.135278,1,1.223006,11,9,15,20,5,2.799511
wallet_320,19,7,12,0.435522,0.201294,0.033517,204.865556,473.330725,0.053521,1893.929444,1,2.163609,5,7,10,12,4,2.603912
wallet_321,16,9,7,1.665626,0.771345,0.152311,173.468889,448.805796,0.05704,1107.052778,1,2.159377,6,5,9,11,2,2.929095
wallet_322,2,1,1,1.258566,1.232936,1.245751,0.400833,0.400833,48.0,0.400833,2,1.020788,1,1,2,2,0,3.628362
wallet_323,51,29,22,4.293503,0.851083,0.100874,95.7675,171.064383,0.143104,1049.363333,1,5.04475,14,11,20,25,6,2.645477
wallet_324,42,19,23,2.286739,4.566464,0.163171,0.860556,209.167947,0.117539,1047.648611,2,0.500768,12,12,18,24,8,2.709046
wallet_325,2,1,1,4.784099,4.669438,4.726768,0.165278,0.165278,48.0,0.165278,2,1.024556,1,1,2,2,0,3.872861
wallet_326,8,1,7,0.021226,2.470418,0.311455,1.008889,1036.777698,0.026456,6890.090278,1,0.008592,1,7,8,8,0,2.94621
wallet_327,14,13,1,3.988541,3.948656,0.566943,3.975833,0.761197,33.954637,3.975833,4,1.010101,13,1,14,14,0,2.684597
wallet_328,19,13,6,1.579506,0.073672,0.087009,89.865556,433.057454,0.058499,983.81,1,21.439632,8,4,10,12,3,2.757946
wallet_329,32,8,24,3.097636,5.629927,0.272736,999.184444,259.884247,0.095328,1344.834722,2,0.550209,5,9,9,14,6,2.630807
wallet_330,15,9,6,1.454209,1.219467,0.178245,383.430833,507.727103,0.050646,1137.333889,1,1.192496,7,6,12,13,3,2.689487
wallet_331,16,8,8,0.56423,0.432523,0.062297,1016.193333,536.681296,0.047701,1857.455556,1,1.30451,7,5,11,12,3,2.819071
wallet_332,17,12,5,1.44969,0.427477,0.110422,325.278056,502.991215,0.050697,1368.898333,1,3.391269,9,4,10,13,3,2.93643
wallet_333,26,13,13,6.25639,0.471168,0.258752,1085.966667,313.964444,0.079499,1085.966667,1,13.278462,8,7,12,15,5,2.618582
wallet_334,28,16,12,2.125216,0.883983,0.107471,70.742778,296.979691,0.083807,1648.751944,1,2.404137,10,10,15,20,5,2.552567
wallet_335,29,16,13,1.252612,1.305425,0.088208,24.458889,269.062302,0.092384,1218.706111,1,0.959543,9,8,12,17,6,2.542787
wallet_336,12,6,6,0.928112,0.600605,0.127393,2536.025556,673.901237,0.038851,2536.025556,2,1.545297,5,3,7,8,3,2.689487
wallet_337,2,1,1,2.512955,2.475915,2.494435,0.103611,0.103611,48.0,0.103611,2,1.01496,1,1,2,2,0,4.300733
wallet_338,17,5,12,0.248155,2.368998,0.15395,12.296944,511.717847,0.049832,1693.091111,1,0.104751,3,9,11,12,2,2.899756
wallet_339,2,1,1,2.475915,2.435617,2.455766,0.350833,0.350833,48.0,0.350833,2,1.016545,1,1,2,2,0,3.533007
wallet_340,34,21,13,2.082604,0.781383,0.084235,119.89,255.167273,0.096906,698.441944,1,2.66528,7,5,10,12,3,2.679707
wallet_341,2,1,1,4.500406,4.461521,4.480964,0.106111,0.106111,48.0,0.106111,2,1.008715,1,1,2,2,0,3.933985
wallet_342,27,8,19,0.758309,1.63682,0.088709,384.098889,275.868472,0.090344,705.093056,1,0.463282,5,11,14,16,4,2.449878
wallet_343,45,26,19,0.777814,0.708963,0.033039,5.3725,156.820846,0.156519,609.6625,2,1.097115,11,11,16,22,8,2.616137
wallet_344,85,35,50,2.854296,4.171666,0.082658,140.388333,102.263641,0.237481,669.294444,2,0.68421,17,16,26,33,7,2.386308
wallet_345,21,12,9,1.222403,1.167094,0.113786,77.280278,411.979917,0.061168,2164.330833,1,1.04739,6,6,10,12,5,2.860636
wallet_346,36,19,17,6.402485,1.398422,0.216692,0.133889,231.725587,0.10653,691.593333,2,4.578364,10,11,17,21,6,2.652812
wallet_347,11,1,10,0.018566,1.891363,0.17363,1.162222,784.550278,0.03365,7333.643611,2,0.009816,1,10,11,11,0,2.784841
wallet_348,25,11,14,5.013626,1.993036,0.280266,218.292778,327.13066,0.076422,1331.402222,1,2.515572,8,10,14,18,6,2.474328
wallet_349,33,13,20,1.595702,1.689464,0.099551,522.867778,263.913368,0.093781,703.348333,1,0.944502,9,10,13,19,8,2.735941
wallet_350,100,100,0,7.73297,0.0,0.07733,164.883056,86.086515,0.281605,390.545833,2,100.0,79,0,79,79,20,1.977995
wallet_351,21,10,11,0.894195,0.705103,0.076157,97.257222,404.771736,0.062257,2810.350833,1,1.268177,7,7,11,14,4,2.711491
wallet_352,29,14,15,1.953605,1.034776,0.103048,105.972778,288.207669,0.086247,1052.135833,1,1.88795,11,10,15,21,8,2.628362
wallet_353,2,1,1,1.735582,1.69811,1.716846,0.396667,0.396667,48.0,0.396667,2,1.022067,1,1,2,2,0,3.914425
wallet_354,13,8,5,1.257842,0.460785,0.132202,22.247778,597.597176,0.043508,2204.775833,1,2.729778,6,3,8,9,2,2.721271
wallet_355,16,7,9,2.377931,0.849879,0.201738,190.812778,558.905315,0.045804,1316.03,1,2.797966,6,6,10,12,3,2.93154
wallet_356,2,1,1,1.263692,1.227996,1.245844,0.348611,0.348611,48.0,0.348611,2,1.029068,1,1,2,2,0,3.899756
wallet_357,9,3,6,0.077572,0.277864,0.039493,683.220278,1028.82816,0.026243,3386.554444,1,0.279173,3,5,7,8,1,2.757946
wallet_358,9,1,8,0.019838,1.721043,0.193431,1.879167,981.762986,0.027502,7050.334444,3,0.011527,1,8,9,9,0,2.850856
wallet_359,21,12,9,0.463752,0.477985,0.044845,111.892778,369.195458,0.068257,1059.761111,1,0.970223,5,6,8,11,4,2.660147
wallet_360,55,29,26,4.15339,7.982481,0.220652,74.403056,156.070653,0.156624,825.489444,1,0.520313,12,12,19,24,6,2.572127
wallet_361,22,10,12,2.774448,0.484652,0.148141,695.100556,389.202011,0.064601,848.648611,1,5.724618,7,7,12,14,6,2.93643
wallet_362,29,13,16,0.569195,1.090438,0.057229,42.051944,277.777887,0.089486,1257.7175,1,0.521988,8,10,13,18,6,2.797066
wallet_363,13,1,12,2.996882,2.973815,0.459284,0.263611,0.256713,101.280433,0.898889,7,1.007757,1,12,13,13,0,2.777506
wallet_364,14,7,7,0.329182,0.175805,0.036071,698.368611,631.464209,0.040931,1234.001944,1,1.872428,7,4,10,11,2,2.897311
wallet_365,22,13,9,1.0074,3.202166,0.191344,1002.876389,325.431918,0.07726,1002.876389,1,0.3146,6,6,11,12,1,2.643032
wallet_366,27,13,14,0.403073,1.87771,0.084473,63.0175,313.384882,0.079529,1088.292222,1,0.214662,9,7,10,16,6,2.885086
wallet_367,19,7,12,0.593749,0.485555,0.056805,174.879444,465.503472,0.054421,2149.363333,1,1.222826,4,5,7,9,4,2.806846
wallet_368,25,13,12,6.741343,1.127082,0.314737,272.050278,345.094699,0.072444,1460.975833,1,5.981236,7,5,9,12,5,2.704156
wallet_369,96,0,96,0.0,8.779464,0.091453,1.433333,83.66614,0.289874,693.416667,5,0.0,0,8,8,8,8,2.94132
wallet_370,11,5,6,0.927,0.348204,0.115928,888.425,772.034722,0.034195,1231.188333,1,2.662232,3,5,7,8,3,2.797066
wallet_371,37,16,21,4.812524,13.609311,0.497887,77.905,224.888171,0.109684,890.591111,1,0.35362,10,11,15,21,8,2.557457
wallet_372,23,12,11,0.803477,1.306438,0.091735,292.240278,361.062967,0.069492,1184.400833,1,0.615014,8,8,14,16,4,2.515892
wallet_373,2,1,1,1.237468,1.205349,1.221409,0.427222,0.427222,48.0,0.427222,2,1.026647,1,1,2,2,0,4.396088
wallet_374,28,15,13,2.117031,7.044732,0.327206,32.046111,298.692984,0.083326,858.738611,1,0.300513,8,10,13,18,5,2.806846
wallet_375,19,13,6,0.670792,0.236398,0.047747,171.940278,378.554568,0.066921,1410.985,1,2.837558,10,5,12,15,3,2.662592
wallet_376,51,31,20,5.787412,1.81664,0.149099,95.798611,160.23015,0.15278,810.295278,1,3.185778,8,9,13,17,5,2.679707
wallet_377,26,17,9,5.507145,3.153146,0.333088,562.046944,339.972744,0.073418,980.147778,1,1.746555,10,8,18,18,4,2.454768
wallet_378,37,17,20,1.261738,1.319924,0.069775,68.281389,238.751566,0.103315,965.811944,2,0.955918,7,7,10,14,5,2.669927
wallet_379,27,15,12,1.701925,0.476624,0.080687,188.456111,311.822532,0.079927,1163.836111,2,3.570794,10,9,15,19,6,2.757946
wallet_380,14,5,9,0.319782,1.089363,0.100653,507.946111,568.531474,0.045461,2103.848611,1,0.293549,3,6,8,9,4,2.623472
wallet_381,8,5,3,2.46577,1.588601,0.506796,435.314167,720.123333,0.038089,2280.904444,1,1.552165,4,3,7,7,1,2.772616
wallet_382,18,11,7,0.755824,0.823422,0.087736,1323.761111,424.4875,0.059865,1323.761111,1,0.917906,4,7,9,11,3,2.728606
wallet_383,24,12,12,4.108024,8.453112,0.523381,807.209444,361.2418,0.069326,2003.915556,1,0.485978,6,9,12,15,5,2.733496
wallet_384,35,15,20,1.119705,1.206261,0.066456,26.451944,245.080874,0.100807,860.79,1,0.928245,8,11,14,19,5,2.601467
wallet_385,33,17,16,1.276074,1.287952,0.077698,208.715556,262.433785,0.09431,907.135556,1,0.990777,7,10,12,17,6,2.728606
wallet_386,22,17,5,1.158092,0.112696,0.057763,447.370833,397.416071,0.063266,747.033333,1,10.276206,5,4,8,9,3,2.770171
wallet_387,19,8,11,0.357641,1.936841,0.120762,614.841944,377.012824,0.067195,787.835,1,0.184651,6,6,9,12,4,2.735941
wallet_388,41,22,19,1.011127,2.705609,0.090652,40.22,193.243201,0.127301,1339.889167,2,0.373715,11,9,14,20,7,2.743276
wallet_389,10,4,6,0.858875,1.323541,0.218242,93.129444,885.44858,0.030117,3661.135,1,0.648922,3,5,6,8,2,3.232274
wallet_390,10,6,4,2.091519,0.286621,0.237814,151.504722,820.192222,0.032513,1851.045833,1,7.297164,6,4,10,10,0,2.709046
wallet_391,27,11,16,0.898719,0.922927,0.067468,32.769167,286.484145,0.086996,749.885833,1,0.97377,10,7,13,17,5,2.767726
wallet_392,37,19,18,1.760688,4.214296,0.161486,21.213333,233.539907,0.105621,1340.395278,2,0.417789,13,13,19,26,7,2.757946
wallet_393,47,24,23,6.000576,4.9797,0.233623,258.153056,182.067681,0.134685,1301.775556,1,1.205008,9,13,19,22,6,2.699267
wallet_394,23,8,15,1.125929,0.985209,0.091789,291.293333,364.618056,0.068814,1133.774167,1,1.142833,7,8,13,15,3,2.625917
wallet_395,2,1,1,4.461521,4.439146,4.450334,0.305833,0.305833,48.0,0.305833,2,1.005041,1,1,2,2,0,3.643032
wallet_396,51,25,26,0.774183,2.801965,0.070121,185.803889,171.740672,0.14254,685.047222,2,0.2763,10,12,17,22,5,2.525672
wallet_397,21,12,9,1.714434,0.544219,0.107555,156.882778,352.977694,0.071393,884.616111,1,3.150267,9,7,13,16,4,2.660147
wallet_398,23,10,13,1.088512,1.247993,0.101587,385.353056,279.387134,0.089807,928.218333,1,0.872211,7,7,12,14,2,2.713936
wallet_399,2,1,1,1.730799,1.72175,1.726274,0.125278,0.125278,48.0,0.125278,2,1.005256,1,1,2,2,0,4.300733
wallet_400,17,7,10,0.51003,1.620877,0.125347,84.1225,412.764497,0.061779,1195.674722,1,0.314663,7,6,10,13,5,2.889976
wallet_401,21,13,8,0.553237,0.433014,0.046964,215.914444,361.434111,0.069722,977.48,1,1.277643,7,7,11,14,5,2.836186
wallet_402,32,18,14,0.809741,0.850917,0.051896,229.260278,266.56293,0.092939,766.182222,1,0.951609,12,10,17,22,6,2.667482
wallet_403,22,11,11,2.629349,2.447333,0.230758,332.861944,384.912738,0.065321,1748.475556,1,1.074373,6,9,12,15,3,2.545232
wallet_404,32,14,18,2.424431,1.562809,0.124601,216.174444,267.241703,0.092703,1071.705,2,1.551329,9,11,16,20,4,2.586797
wallet_405,62,27,35,3.419585,6.047095,0.152688,52.726111,139.712705,0.174597,510.075,2,0.565492,11,12,19,23,4,2.520782
wallet_406,2,1,1,1.524975,1.500386,1.512681,0.147778,0.147778,48.0,0.147778,2,1.016388,1,1,2,2,0,3.784841
wallet_407,23,10,13,2.688562,0.897126,0.155899,12.008333,366.93529,0.06838,2365.571111,1,2.996861,9,7,13,16,4,2.750611
wallet_408,22,13,9,2.427137,1.262342,0.167704,743.916944,343.092315,0.073283,1361.499444,1,1.922725,7,7,11,14,5,2.608802
wallet_409,2,1,1,4.911098,4.832905,4.872001,0.1225,0.1225,48.0,0.1225,2,1.016179,1,1,2,2,0,3.711491
wallet_410,27,11,16,2.198903,1.944731,0.153468,76.173333,317.122094,0.078591,1651.156667,1,1.130698,6,8,10,14,5,2.677262
